HITId,HITTypeId,Title,Description,Keywords,Reward,CreationTime,MaxAssignments,RequesterAnnotation,AssignmentDurationInSeconds,AutoApprovalDelayInSeconds,Expiration,NumberOfSimilarHITs,LifetimeInSeconds,AssignmentId,WorkerId,AssignmentStatus,AcceptTime,SubmitTime,AutoApprovalTime,ApprovalTime,RejectionTime,RequesterFeedback,WorkTimeInSeconds,LifetimeApprovalRate,Last30DaysApprovalRate,Last7DaysApprovalRate,Answer.surveycode,Approve,Reject
3PGQRAZX02USV3UQZORI04Z47MCSYX,3MCFX9UVS0URJRDU8ZV1L2829T3867,Look at a series of images and answer some multiple-choice questions (please only do this HIT once!),Read a short story and answer several multiple-choice questions (HIT takes around 3 minutes),"psychology, cognitive, science, research, yale, university, fun, thinking",$0.45 ,Mon Sep 16 11:53:57 PDT 2019,10,BatchId:3769218;OriginalHitTemplateId:920937340;,7200,259200,Mon Sep 23 11:53:57 PDT 2019,,,30IQTZXKALG5H9IYBSRXW4HYIH80XR,X,Approved,Mon Sep 16 11:56:09 PDT 2019,Mon Sep 16 11:58:38 PDT 2019,Thu Sep 19 11:58:38 PDT 2019,Thu Sep 19 11:59:17 PDT 2019,,,149,100% (5/5),100% (1/1),100% (1/1),G3DF8cLs9,,
3PGQRAZX02USV3UQZORI04Z47MCSYX,3MCFX9UVS0URJRDU8ZV1L2829T3867,Look at a series of images and answer some multiple-choice questions (please only do this HIT once!),Read a short story and answer several multiple-choice questions (HIT takes around 3 minutes),"psychology, cognitive, science, research, yale, university, fun, thinking",$0.45 ,Mon Sep 16 11:53:57 PDT 2019,10,BatchId:3769218;OriginalHitTemplateId:920937340;,7200,259200,Mon Sep 23 11:53:57 PDT 2019,,,31EUONYN2WDYG15MDYSQYKGV09FVO8,X,Approved,Mon Sep 16 11:55:47 PDT 2019,Mon Sep 16 13:12:46 PDT 2019,Thu Sep 19 13:12:46 PDT 2019,Thu Sep 19 13:13:17 PDT 2019,,,4619,100% (4/4),100% (1/1),100% (1/1),G3y76OCOZ,,
3PGQRAZX02USV3UQZORI04Z47MCSYX,3MCFX9UVS0URJRDU8ZV1L2829T3867,Look at a series of images and answer some multiple-choice questions (please only do this HIT once!),Read a short story and answer several multiple-choice questions (HIT takes around 3 minutes),"psychology, cognitive, science, research, yale, university, fun, thinking",$0.45 ,Mon Sep 16 11:53:57 PDT 2019,10,BatchId:3769218;OriginalHitTemplateId:920937340;,7200,259200,Mon Sep 23 11:53:57 PDT 2019,,,31JLPPHS2V4E4S33TOMKFPOC9PN3OK,X,Approved,Mon Sep 16 13:48:19 PDT 2019,Mon Sep 16 13:50:52 PDT 2019,Thu Sep 19 13:50:52 PDT 2019,Thu Sep 19 13:51:17 PDT 2019,,,153,100% (1/1),100% (1/1),100% (1/1),G3aA0568r,,
3PGQRAZX02USV3UQZORI04Z47MCSYX,3MCFX9UVS0URJRDU8ZV1L2829T3867,Look at a series of images and answer some multiple-choice questions (please only do this HIT once!),Read a short story and answer several multiple-choice questions (HIT takes around 3 minutes),"psychology, cognitive, science, research, yale, university, fun, thinking",$0.45 ,Mon Sep 16 11:53:57 PDT 2019,10,BatchId:3769218;OriginalHitTemplateId:920937340;,7200,259200,Mon Sep 23 11:53:57 PDT 2019,,,33FBRBDW6P9ZW0C6F08PB6260X8C80,X,Approved,Mon Sep 16 13:18:51 PDT 2019,Mon Sep 16 13:24:20 PDT 2019,Thu Sep 19 13:24:20 PDT 2019,Thu Sep 19 13:25:17 PDT 2019,,,329,100% (2/2),100% (1/1),100% (1/1),G3VWPJ8S6,,
3PGQRAZX02USV3UQZORI04Z47MCSYX,3MCFX9UVS0URJRDU8ZV1L2829T3867,Look at a series of images and answer some multiple-choice questions (please only do this HIT once!),Read a short story and answer several multiple-choice questions (HIT takes around 3 minutes),"psychology, cognitive, science, research, yale, university, fun, thinking",$0.45 ,Mon Sep 16 11:53:57 PDT 2019,10,BatchId:3769218;OriginalHitTemplateId:920937340;,7200,259200,Mon Sep 23 11:53:57 PDT 2019,,,33TIN5LC05KCD8WLGKWS8TP0NRVY96,X,Approved,Mon Sep 16 11:55:48 PDT 2019,Mon Sep 16 12:10:38 PDT 2019,Thu Sep 19 12:10:38 PDT 2019,Thu Sep 19 12:11:17 PDT 2019,,,890,100% (4/4),100% (1/1),100% (1/1),G3TgxXXSe,,
3PGQRAZX02USV3UQZORI04Z47MCSYX,3MCFX9UVS0URJRDU8ZV1L2829T3867,Look at a series of images and answer some multiple-choice questions (please only do this HIT once!),Read a short story and answer several multiple-choice questions (HIT takes around 3 minutes),"psychology, cognitive, science, research, yale, university, fun, thinking",$0.45 ,Mon Sep 16 11:53:57 PDT 2019,10,BatchId:3769218;OriginalHitTemplateId:920937340;,7200,259200,Mon Sep 23 11:53:57 PDT 2019,,,34V1S5K3GTBAUOMFA110P257OH369F,X,Approved,Mon Sep 16 11:55:47 PDT 2019,Mon Sep 16 12:17:26 PDT 2019,Thu Sep 19 12:17:26 PDT 2019,Thu Sep 19 12:18:17 PDT 2019,,,1299,100% (6/6),100% (1/1),100% (1/1),G3ZLnJdvG,,
3PGQRAZX02USV3UQZORI04Z47MCSYX,3MCFX9UVS0URJRDU8ZV1L2829T3867,Look at a series of images and answer some multiple-choice questions (please only do this HIT once!),Read a short story and answer several multiple-choice questions (HIT takes around 3 minutes),"psychology, cognitive, science, research, yale, university, fun, thinking",$0.45 ,Mon Sep 16 11:53:57 PDT 2019,10,BatchId:3769218;OriginalHitTemplateId:920937340;,7200,259200,Mon Sep 23 11:53:57 PDT 2019,,,3F0BG9B9MQX8ZP8S1NY8UXYUS17Y7U,X,Approved,Mon Sep 16 11:57:10 PDT 2019,Mon Sep 16 12:56:43 PDT 2019,Thu Sep 19 12:56:43 PDT 2019,Thu Sep 19 12:57:17 PDT 2019,,,3573,100% (4/4),100% (1/1),100% (1/1),G3QedRydo,,
3PGQRAZX02USV3UQZORI04Z47MCSYX,3MCFX9UVS0URJRDU8ZV1L2829T3867,Look at a series of images and answer some multiple-choice questions (please only do this HIT once!),Read a short story and answer several multiple-choice questions (HIT takes around 3 minutes),"psychology, cognitive, science, research, yale, university, fun, thinking",$0.45 ,Mon Sep 16 11:53:57 PDT 2019,10,BatchId:3769218;OriginalHitTemplateId:920937340;,7200,259200,Mon Sep 23 11:53:57 PDT 2019,,,3T3IWE1XG7XMOLEDNGKFM7NAIPHTQY,X,Approved,Mon Sep 16 11:57:51 PDT 2019,Mon Sep 16 11:59:10 PDT 2019,Thu Sep 19 11:59:10 PDT 2019,Thu Sep 19 11:59:18 PDT 2019,,,79,88% (7/8),100% (1/1),100% (1/1),G3hSn4fIQ,,
3PGQRAZX02USV3UQZORI04Z47MCSYX,3MCFX9UVS0URJRDU8ZV1L2829T3867,Look at a series of images and answer some multiple-choice questions (please only do this HIT once!),Read a short story and answer several multiple-choice questions (HIT takes around 3 minutes),"psychology, cognitive, science, research, yale, university, fun, thinking",$0.45 ,Mon Sep 16 11:53:57 PDT 2019,10,BatchId:3769218;OriginalHitTemplateId:920937340;,7200,259200,Mon Sep 23 11:53:57 PDT 2019,,,3U088ZLJVL3QS9D81NVBUL3R9F20WY,X,Approved,Mon Sep 16 11:55:48 PDT 2019,Mon Sep 16 11:59:12 PDT 2019,Thu Sep 19 11:59:12 PDT 2019,Thu Sep 19 11:59:18 PDT 2019,,,204,100% (4/4),100% (2/2),100% (2/2),G3jnjVGod,,
3PGQRAZX02USV3UQZORI04Z47MCSYX,3MCFX9UVS0URJRDU8ZV1L2829T3867,Look at a series of images and answer some multiple-choice questions (please only do this HIT once!),Read a short story and answer several multiple-choice questions (HIT takes around 3 minutes),"psychology, cognitive, science, research, yale, university, fun, thinking",$0.45 ,Mon Sep 16 11:53:57 PDT 2019,10,BatchId:3769218;OriginalHitTemplateId:920937340;,7200,259200,Mon Sep 23 11:53:57 PDT 2019,,,3WMOAN2SRC7GYG5ACJSDJVGQAZAVNT,X,Approved,Mon Sep 16 11:55:47 PDT 2019,Mon Sep 16 13:17:50 PDT 2019,Thu Sep 19 13:17:50 PDT 2019,Thu Sep 19 13:18:17 PDT 2019,,,4923,100% (3/3),100% (1/1),100% (1/1),G32WMjhEK,,
3W31J70BAS6H4HGDYN0RCRGBN6UKCH,3MCFX9UVS0URJRDU8ZV1L2829T3867,Look at a series of images and answer some multiple-choice questions (please only do this HIT once!),Read a short story and answer several multiple-choice questions (HIT takes around 3 minutes),"psychology, cognitive, science, research, yale, university, fun, thinking",$0.45 ,Tue Sep 17 04:36:07 PDT 2019,10,BatchId:3769912;OriginalHitTemplateId:920937340;,7200,259200,Tue Sep 24 04:36:07 PDT 2019,,,374TNBHA8C5I57D7XM7EUOFPXVTYQU,X,Approved,Tue Sep 17 06:37:04 PDT 2019,Tue Sep 17 07:47:46 PDT 2019,Fri Sep 20 07:47:46 PDT 2019,Fri Sep 20 07:48:17 PDT 2019,,,4242,100% (7/7),100% (1/1),100% (1/1),G3znEKe1Q,,
3W31J70BAS6H4HGDYN0RCRGBN6UKCH,3MCFX9UVS0URJRDU8ZV1L2829T3867,Look at a series of images and answer some multiple-choice questions (please only do this HIT once!),Read a short story and answer several multiple-choice questions (HIT takes around 3 minutes),"psychology, cognitive, science, research, yale, university, fun, thinking",$0.45 ,Tue Sep 17 04:36:07 PDT 2019,10,BatchId:3769912;OriginalHitTemplateId:920937340;,7200,259200,Tue Sep 24 04:36:07 PDT 2019,,,386CSBG1O0WGMN31R3CMBXVWYKN6QN,X,Approved,Tue Sep 17 04:36:23 PDT 2019,Tue Sep 17 04:37:49 PDT 2019,Fri Sep 20 04:37:49 PDT 2019,Fri Sep 20 04:38:17 PDT 2019,,,86,100% (1/1),100% (1/1),100% (1/1),G3PHka92C,,
3W31J70BAS6H4HGDYN0RCRGBN6UKCH,3MCFX9UVS0URJRDU8ZV1L2829T3867,Look at a series of images and answer some multiple-choice questions (please only do this HIT once!),Read a short story and answer several multiple-choice questions (HIT takes around 3 minutes),"psychology, cognitive, science, research, yale, university, fun, thinking",$0.45 ,Tue Sep 17 04:36:07 PDT 2019,10,BatchId:3769912;OriginalHitTemplateId:920937340;,7200,259200,Tue Sep 24 04:36:07 PDT 2019,,,3C2NJ6JBKBR71P78O982HQJFD4Y2NF,X,Approved,Tue Sep 17 04:36:18 PDT 2019,Tue Sep 17 04:48:46 PDT 2019,Fri Sep 20 04:48:46 PDT 2019,Fri Sep 20 04:49:17 PDT 2019,,,748,100% (2/2),100% (1/1),100% (1/1),G3nl4FrLr,,
3W31J70BAS6H4HGDYN0RCRGBN6UKCH,3MCFX9UVS0URJRDU8ZV1L2829T3867,Look at a series of images and answer some multiple-choice questions (please only do this HIT once!),Read a short story and answer several multiple-choice questions (HIT takes around 3 minutes),"psychology, cognitive, science, research, yale, university, fun, thinking",$0.45 ,Tue Sep 17 04:36:07 PDT 2019,10,BatchId:3769912;OriginalHitTemplateId:920937340;,7200,259200,Tue Sep 24 04:36:07 PDT 2019,,,3HUTX6F6VVXPJA7KPO8FWFJK3E32OU,X,Approved,Tue Sep 17 05:10:42 PDT 2019,Tue Sep 17 05:14:04 PDT 2019,Fri Sep 20 05:14:04 PDT 2019,Fri Sep 20 05:14:17 PDT 2019,,,202,100% (1/1),100% (1/1),100% (1/1),G3JmJzEiO,,
3W31J70BAS6H4HGDYN0RCRGBN6UKCH,3MCFX9UVS0URJRDU8ZV1L2829T3867,Look at a series of images and answer some multiple-choice questions (please only do this HIT once!),Read a short story and answer several multiple-choice questions (HIT takes around 3 minutes),"psychology, cognitive, science, research, yale, university, fun, thinking",$0.45 ,Tue Sep 17 04:36:07 PDT 2019,10,BatchId:3769912;OriginalHitTemplateId:920937340;,7200,259200,Tue Sep 24 04:36:07 PDT 2019,,,3K772S5NP9L7M9XDEV8QE7V8OVFEHK,X,Approved,Tue Sep 17 04:36:15 PDT 2019,Tue Sep 17 06:16:56 PDT 2019,Fri Sep 20 06:16:56 PDT 2019,Fri Sep 20 06:17:17 PDT 2019,,,6041,100% (2/2),100% (1/1),100% (1/1),G3j61UMDO,,
3W31J70BAS6H4HGDYN0RCRGBN6UKCH,3MCFX9UVS0URJRDU8ZV1L2829T3867,Look at a series of images and answer some multiple-choice questions (please only do this HIT once!),Read a short story and answer several multiple-choice questions (HIT takes around 3 minutes),"psychology, cognitive, science, research, yale, university, fun, thinking",$0.45 ,Tue Sep 17 04:36:07 PDT 2019,10,BatchId:3769912;OriginalHitTemplateId:920937340;,7200,259200,Tue Sep 24 04:36:07 PDT 2019,,,3M0BCWMB8W6RCWGIZ3S0E2ZA0MFBWH,X,Approved,Tue Sep 17 04:36:19 PDT 2019,Tue Sep 17 06:01:56 PDT 2019,Fri Sep 20 06:01:56 PDT 2019,Fri Sep 20 06:02:17 PDT 2019,,,5137,100% (7/7),100% (2/2),100% (2/2),G33RwFZh0,,
3W31J70BAS6H4HGDYN0RCRGBN6UKCH,3MCFX9UVS0URJRDU8ZV1L2829T3867,Look at a series of images and answer some multiple-choice questions (please only do this HIT once!),Read a short story and answer several multiple-choice questions (HIT takes around 3 minutes),"psychology, cognitive, science, research, yale, university, fun, thinking",$0.45 ,Tue Sep 17 04:36:07 PDT 2019,10,BatchId:3769912;OriginalHitTemplateId:920937340;,7200,259200,Tue Sep 24 04:36:07 PDT 2019,,,3RANCT1ZVGREKSRD43DZWEEDF64BUI,X,Approved,Tue Sep 17 04:36:16 PDT 2019,Tue Sep 17 04:40:07 PDT 2019,Fri Sep 20 04:40:07 PDT 2019,Fri Sep 20 04:40:17 PDT 2019,,,231,92% (12/13),100% (1/1),100% (1/1),G3StEEAG7,,
3W31J70BAS6H4HGDYN0RCRGBN6UKCH,3MCFX9UVS0URJRDU8ZV1L2829T3867,Look at a series of images and answer some multiple-choice questions (please only do this HIT once!),Read a short story and answer several multiple-choice questions (HIT takes around 3 minutes),"psychology, cognitive, science, research, yale, university, fun, thinking",$0.45 ,Tue Sep 17 04:36:07 PDT 2019,10,BatchId:3769912;OriginalHitTemplateId:920937340;,7200,259200,Tue Sep 24 04:36:07 PDT 2019,,,3SITXWYCNWJ61WL898OMGLDH9OLBXA,X,Approved,Tue Sep 17 04:36:19 PDT 2019,Tue Sep 17 04:38:48 PDT 2019,Fri Sep 20 04:38:48 PDT 2019,Fri Sep 20 04:39:17 PDT 2019,,,149,80% (4/5),100% (1/1),100% (1/1),G3qTPE1hb,,
3W31J70BAS6H4HGDYN0RCRGBN6UKCH,3MCFX9UVS0URJRDU8ZV1L2829T3867,Look at a series of images and answer some multiple-choice questions (please only do this HIT once!),Read a short story and answer several multiple-choice questions (HIT takes around 3 minutes),"psychology, cognitive, science, research, yale, university, fun, thinking",$0.45 ,Tue Sep 17 04:36:07 PDT 2019,10,BatchId:3769912;OriginalHitTemplateId:920937340;,7200,259200,Tue Sep 24 04:36:07 PDT 2019,,,3TMSXRD2X7AQZYYQX6ZB8QM1EB1W1Y,X,Approved,Tue Sep 17 06:37:03 PDT 2019,Tue Sep 17 06:38:43 PDT 2019,Fri Sep 20 06:38:43 PDT 2019,Fri Sep 20 06:39:17 PDT 2019,,,100,100% (1/1),100% (1/1),100% (1/1),G3RxaQ0BU,,
3W31J70BAS6H4HGDYN0RCRGBN6UKCH,3MCFX9UVS0URJRDU8ZV1L2829T3867,Look at a series of images and answer some multiple-choice questions (please only do this HIT once!),Read a short story and answer several multiple-choice questions (HIT takes around 3 minutes),"psychology, cognitive, science, research, yale, university, fun, thinking",$0.45 ,Tue Sep 17 04:36:07 PDT 2019,10,BatchId:3769912;OriginalHitTemplateId:920937340;,7200,259200,Tue Sep 24 04:36:07 PDT 2019,,,3W2LOLRXLCPNX33Q6MVNQ6AJV2IKRI,X,Approved,Tue Sep 17 05:59:46 PDT 2019,Tue Sep 17 07:49:36 PDT 2019,Fri Sep 20 07:49:36 PDT 2019,Fri Sep 20 07:50:17 PDT 2019,,,6590,100% (5/5),100% (1/1),100% (1/1),G36zorSuU,,
3BFNCI9LYK05W2DAM00HFJ7VB9H730,3MCFX9UVS0URJRDU8ZV1L2829T3867,Look at a series of images and answer some multiple-choice questions (please only do this HIT once!),Read a short story and answer several multiple-choice questions (HIT takes around 3 minutes),"psychology, cognitive, science, research, yale, university, fun, thinking",$0.45 ,Tue Sep 17 04:36:43 PDT 2019,10,BatchId:3769913;OriginalHitTemplateId:920937340;,7200,259200,Tue Sep 24 04:36:43 PDT 2019,,,31T4R4OBOTQVWM7N5VGJX66BPG6C7N,X,Approved,Tue Sep 17 04:36:51 PDT 2019,Tue Sep 17 05:48:48 PDT 2019,Fri Sep 20 05:48:48 PDT 2019,Fri Sep 20 05:49:17 PDT 2019,,,4317,100% (4/4),100% (1/1),100% (1/1),G3Ba79EyP,,
3BFNCI9LYK05W2DAM00HFJ7VB9H730,3MCFX9UVS0URJRDU8ZV1L2829T3867,Look at a series of images and answer some multiple-choice questions (please only do this HIT once!),Read a short story and answer several multiple-choice questions (HIT takes around 3 minutes),"psychology, cognitive, science, research, yale, university, fun, thinking",$0.45 ,Tue Sep 17 04:36:43 PDT 2019,10,BatchId:3769913;OriginalHitTemplateId:920937340;,7200,259200,Tue Sep 24 04:36:43 PDT 2019,,,369J354OFEKP9Y9NO77AHJRUSYSG6I,X,Approved,Tue Sep 17 06:37:56 PDT 2019,Tue Sep 17 07:03:56 PDT 2019,Fri Sep 20 07:03:56 PDT 2019,Fri Sep 20 07:04:18 PDT 2019,,,1560,100% (9/9),100% (1/1),100% (1/1),G33YYIgHv,,
3BFNCI9LYK05W2DAM00HFJ7VB9H730,3MCFX9UVS0URJRDU8ZV1L2829T3867,Look at a series of images and answer some multiple-choice questions (please only do this HIT once!),Read a short story and answer several multiple-choice questions (HIT takes around 3 minutes),"psychology, cognitive, science, research, yale, university, fun, thinking",$0.45 ,Tue Sep 17 04:36:43 PDT 2019,10,BatchId:3769913;OriginalHitTemplateId:920937340;,7200,259200,Tue Sep 24 04:36:43 PDT 2019,,,3F6HPJW4JEAXOJGMGAZPD9W66G22W6,X,Approved,Tue Sep 17 04:36:51 PDT 2019,Tue Sep 17 04:40:36 PDT 2019,Fri Sep 20 04:40:36 PDT 2019,Fri Sep 20 04:41:17 PDT 2019,,,225,100% (1/1),100% (1/1),100% (1/1),G32BAdl4t,,
3BFNCI9LYK05W2DAM00HFJ7VB9H730,3MCFX9UVS0URJRDU8ZV1L2829T3867,Look at a series of images and answer some multiple-choice questions (please only do this HIT once!),Read a short story and answer several multiple-choice questions (HIT takes around 3 minutes),"psychology, cognitive, science, research, yale, university, fun, thinking",$0.45 ,Tue Sep 17 04:36:43 PDT 2019,10,BatchId:3769913;OriginalHitTemplateId:920937340;,7200,259200,Tue Sep 24 04:36:43 PDT 2019,,,3IRIK4HM3BUCSMTIMLBRRS6FU5MC6O,X,Approved,Tue Sep 17 04:36:50 PDT 2019,Tue Sep 17 04:58:13 PDT 2019,Fri Sep 20 04:58:13 PDT 2019,Fri Sep 20 04:58:17 PDT 2019,,,1283,93% (13/14),100% (2/2),100% (2/2),G3v6yR42v,,
3BFNCI9LYK05W2DAM00HFJ7VB9H730,3MCFX9UVS0URJRDU8ZV1L2829T3867,Look at a series of images and answer some multiple-choice questions (please only do this HIT once!),Read a short story and answer several multiple-choice questions (HIT takes around 3 minutes),"psychology, cognitive, science, research, yale, university, fun, thinking",$0.45 ,Tue Sep 17 04:36:43 PDT 2019,10,BatchId:3769913;OriginalHitTemplateId:920937340;,7200,259200,Tue Sep 24 04:36:43 PDT 2019,,,3PMBY0YE28DZA5VGKSE3B2XHK6UC9Z,X,Approved,Tue Sep 17 04:36:55 PDT 2019,Tue Sep 17 04:42:20 PDT 2019,Fri Sep 20 04:42:20 PDT 2019,Fri Sep 20 04:43:17 PDT 2019,,,325,100% (2/2),100% (1/1),100% (1/1),G3SpqNmQr,,
3BFNCI9LYK05W2DAM00HFJ7VB9H730,3MCFX9UVS0URJRDU8ZV1L2829T3867,Look at a series of images and answer some multiple-choice questions (please only do this HIT once!),Read a short story and answer several multiple-choice questions (HIT takes around 3 minutes),"psychology, cognitive, science, research, yale, university, fun, thinking",$0.45 ,Tue Sep 17 04:36:43 PDT 2019,10,BatchId:3769913;OriginalHitTemplateId:920937340;,7200,259200,Tue Sep 24 04:36:43 PDT 2019,,,3Q5C1WP23NBWMFJ615C2IQ9OUDK51B,X,Approved,Tue Sep 17 04:36:57 PDT 2019,Tue Sep 17 04:50:07 PDT 2019,Fri Sep 20 04:50:07 PDT 2019,Fri Sep 20 04:50:17 PDT 2019,,,790,100% (5/5),100% (1/1),100% (1/1),G3miKgpSU,,
3BFNCI9LYK05W2DAM00HFJ7VB9H730,3MCFX9UVS0URJRDU8ZV1L2829T3867,Look at a series of images and answer some multiple-choice questions (please only do this HIT once!),Read a short story and answer several multiple-choice questions (HIT takes around 3 minutes),"psychology, cognitive, science, research, yale, university, fun, thinking",$0.45 ,Tue Sep 17 04:36:43 PDT 2019,10,BatchId:3769913;OriginalHitTemplateId:920937340;,7200,259200,Tue Sep 24 04:36:43 PDT 2019,,,3Q8GYXHFEQCG9IT4H21MZMSFYABC58,X,Approved,Tue Sep 17 04:36:50 PDT 2019,Tue Sep 17 04:38:40 PDT 2019,Fri Sep 20 04:38:40 PDT 2019,Fri Sep 20 04:39:17 PDT 2019,,,110,100% (2/2),100% (1/1),100% (1/1),G3YSutkz6,,
3BFNCI9LYK05W2DAM00HFJ7VB9H730,3MCFX9UVS0URJRDU8ZV1L2829T3867,Look at a series of images and answer some multiple-choice questions (please only do this HIT once!),Read a short story and answer several multiple-choice questions (HIT takes around 3 minutes),"psychology, cognitive, science, research, yale, university, fun, thinking",$0.45 ,Tue Sep 17 04:36:43 PDT 2019,10,BatchId:3769913;OriginalHitTemplateId:920937340;,7200,259200,Tue Sep 24 04:36:43 PDT 2019,,,3QJOXOW4XK1TENYO5SO36C345HEEMT,X,Approved,Tue Sep 17 04:36:52 PDT 2019,Tue Sep 17 04:47:28 PDT 2019,Fri Sep 20 04:47:28 PDT 2019,Fri Sep 20 04:48:17 PDT 2019,,,636,100% (1/1),100% (1/1),100% (1/1),G3vz4Smjg,,
3BFNCI9LYK05W2DAM00HFJ7VB9H730,3MCFX9UVS0URJRDU8ZV1L2829T3867,Look at a series of images and answer some multiple-choice questions (please only do this HIT once!),Read a short story and answer several multiple-choice questions (HIT takes around 3 minutes),"psychology, cognitive, science, research, yale, university, fun, thinking",$0.45 ,Tue Sep 17 04:36:43 PDT 2019,10,BatchId:3769913;OriginalHitTemplateId:920937340;,7200,259200,Tue Sep 24 04:36:43 PDT 2019,,,3RJSC4XJ114WFQYO5M824LQEPLE508,X,Approved,Tue Sep 17 08:03:38 PDT 2019,Tue Sep 17 08:07:50 PDT 2019,Fri Sep 20 08:07:50 PDT 2019,Fri Sep 20 08:08:17 PDT 2019,,,252,100% (3/3),100% (1/1),100% (1/1),G3Nu74cyz,,
3BFNCI9LYK05W2DAM00HFJ7VB9H730,3MCFX9UVS0URJRDU8ZV1L2829T3867,Look at a series of images and answer some multiple-choice questions (please only do this HIT once!),Read a short story and answer several multiple-choice questions (HIT takes around 3 minutes),"psychology, cognitive, science, research, yale, university, fun, thinking",$0.45 ,Tue Sep 17 04:36:43 PDT 2019,10,BatchId:3769913;OriginalHitTemplateId:920937340;,7200,259200,Tue Sep 24 04:36:43 PDT 2019,,,3WLEIWSYHPRFRTLXLBDPC6MJRSPH2L,X,Approved,Tue Sep 17 04:36:56 PDT 2019,Tue Sep 17 04:49:37 PDT 2019,Fri Sep 20 04:49:37 PDT 2019,Fri Sep 20 04:50:17 PDT 2019,,,761,100% (1/1),100% (1/1),100% (1/1),G3HmENBBY,,
3HXCEECSQM3PWFG4UGLQWXW7U3OZYP,3MCFX9UVS0URJRDU8ZV1L2829T3867,Look at a series of images and answer some multiple-choice questions (please only do this HIT once!),Read a short story and answer several multiple-choice questions (HIT takes around 3 minutes),"psychology, cognitive, science, research, yale, university, fun, thinking",$0.45 ,Tue Sep 17 04:37:05 PDT 2019,10,BatchId:3769914;OriginalHitTemplateId:920937340;,7200,259200,Tue Sep 24 04:37:05 PDT 2019,,,31LM9EDVOM277L5GVUEUG75WFFKJNJ,X,Approved,Tue Sep 17 04:37:09 PDT 2019,Tue Sep 17 05:01:12 PDT 2019,Fri Sep 20 05:01:12 PDT 2019,Fri Sep 20 05:01:17 PDT 2019,,,1443,100% (1/1),100% (1/1),100% (1/1),G3F2tLbU4,,
3HXCEECSQM3PWFG4UGLQWXW7U3OZYP,3MCFX9UVS0URJRDU8ZV1L2829T3867,Look at a series of images and answer some multiple-choice questions (please only do this HIT once!),Read a short story and answer several multiple-choice questions (HIT takes around 3 minutes),"psychology, cognitive, science, research, yale, university, fun, thinking",$0.45 ,Tue Sep 17 04:37:05 PDT 2019,10,BatchId:3769914;OriginalHitTemplateId:920937340;,7200,259200,Tue Sep 24 04:37:05 PDT 2019,,,33OOO72IVIVIUK4UIYJK22YTEDZCT1,X,Approved,Tue Sep 17 04:58:57 PDT 2019,Tue Sep 17 05:01:15 PDT 2019,Fri Sep 20 05:01:15 PDT 2019,Fri Sep 20 05:01:17 PDT 2019,,,138,100% (1/1),100% (1/1),100% (1/1),G3vW9sp8z,,
3HXCEECSQM3PWFG4UGLQWXW7U3OZYP,3MCFX9UVS0URJRDU8ZV1L2829T3867,Look at a series of images and answer some multiple-choice questions (please only do this HIT once!),Read a short story and answer several multiple-choice questions (HIT takes around 3 minutes),"psychology, cognitive, science, research, yale, university, fun, thinking",$0.45 ,Tue Sep 17 04:37:05 PDT 2019,10,BatchId:3769914;OriginalHitTemplateId:920937340;,7200,259200,Tue Sep 24 04:37:05 PDT 2019,,,34QN5IT0T01F28HQ3KF5G505RCG088,X,Submitted,Tue Sep 17 08:36:56 PDT 2019,Tue Sep 17 09:24:08 PDT 2019,Fri Sep 20 09:24:08 PDT 2019,,,,2832,100% (3/3),100% (2/2),100% (2/2),G3bM5jFCf,,
3HXCEECSQM3PWFG4UGLQWXW7U3OZYP,3MCFX9UVS0URJRDU8ZV1L2829T3867,Look at a series of images and answer some multiple-choice questions (please only do this HIT once!),Read a short story and answer several multiple-choice questions (HIT takes around 3 minutes),"psychology, cognitive, science, research, yale, university, fun, thinking",$0.45 ,Tue Sep 17 04:37:05 PDT 2019,10,BatchId:3769914;OriginalHitTemplateId:920937340;,7200,259200,Tue Sep 24 04:37:05 PDT 2019,,,35H6S234SBART1K37BOJDM052O0569,X,Approved,Tue Sep 17 04:37:09 PDT 2019,Tue Sep 17 04:47:59 PDT 2019,Fri Sep 20 04:47:59 PDT 2019,Fri Sep 20 04:48:17 PDT 2019,,,650,100% (3/3),100% (1/1),100% (1/1),G34rjn9b8,,
3HXCEECSQM3PWFG4UGLQWXW7U3OZYP,3MCFX9UVS0URJRDU8ZV1L2829T3867,Look at a series of images and answer some multiple-choice questions (please only do this HIT once!),Read a short story and answer several multiple-choice questions (HIT takes around 3 minutes),"psychology, cognitive, science, research, yale, university, fun, thinking",$0.45 ,Tue Sep 17 04:37:05 PDT 2019,10,BatchId:3769914;OriginalHitTemplateId:920937340;,7200,259200,Tue Sep 24 04:37:05 PDT 2019,,,36DSNE9QZ68PP65SW9E7VW515PPJOY,X,Approved,Tue Sep 17 04:37:09 PDT 2019,Tue Sep 17 04:40:05 PDT 2019,Fri Sep 20 04:40:05 PDT 2019,Fri Sep 20 04:40:17 PDT 2019,,,176,100% (2/2),100% (1/1),100% (1/1),G3w1dJUMz,,
3HXCEECSQM3PWFG4UGLQWXW7U3OZYP,3MCFX9UVS0URJRDU8ZV1L2829T3867,Look at a series of images and answer some multiple-choice questions (please only do this HIT once!),Read a short story and answer several multiple-choice questions (HIT takes around 3 minutes),"psychology, cognitive, science, research, yale, university, fun, thinking",$0.45 ,Tue Sep 17 04:37:05 PDT 2019,10,BatchId:3769914;OriginalHitTemplateId:920937340;,7200,259200,Tue Sep 24 04:37:05 PDT 2019,,,38F71OA9GU6LK1YK0389OUO4HITMFJ,X,Approved,Tue Sep 17 04:37:14 PDT 2019,Tue Sep 17 04:43:18 PDT 2019,Fri Sep 20 04:43:18 PDT 2019,Fri Sep 20 04:44:17 PDT 2019,,,364,100% (1/1),100% (1/1),100% (1/1),G3qZ8l2gD,,
3HXCEECSQM3PWFG4UGLQWXW7U3OZYP,3MCFX9UVS0URJRDU8ZV1L2829T3867,Look at a series of images and answer some multiple-choice questions (please only do this HIT once!),Read a short story and answer several multiple-choice questions (HIT takes around 3 minutes),"psychology, cognitive, science, research, yale, university, fun, thinking",$0.45 ,Tue Sep 17 04:37:05 PDT 2019,10,BatchId:3769914;OriginalHitTemplateId:920937340;,7200,259200,Tue Sep 24 04:37:05 PDT 2019,,,3OJSZ2ATDT6AX1Y8QLTBJ001XZK578,X,Approved,Tue Sep 17 04:37:09 PDT 2019,Tue Sep 17 05:04:44 PDT 2019,Fri Sep 20 05:04:44 PDT 2019,Fri Sep 20 05:05:17 PDT 2019,,,1655,100% (1/1),100% (1/1),100% (1/1),G3pEO8tqx,,
3HXCEECSQM3PWFG4UGLQWXW7U3OZYP,3MCFX9UVS0URJRDU8ZV1L2829T3867,Look at a series of images and answer some multiple-choice questions (please only do this HIT once!),Read a short story and answer several multiple-choice questions (HIT takes around 3 minutes),"psychology, cognitive, science, research, yale, university, fun, thinking",$0.45 ,Tue Sep 17 04:37:05 PDT 2019,10,BatchId:3769914;OriginalHitTemplateId:920937340;,7200,259200,Tue Sep 24 04:37:05 PDT 2019,,,3PS7W85Z80CGWMXR6E9T0CXL8SU9TF,X,Approved,Tue Sep 17 04:37:09 PDT 2019,Tue Sep 17 04:39:20 PDT 2019,Fri Sep 20 04:39:20 PDT 2019,Fri Sep 20 04:40:17 PDT 2019,,,131,100% (1/1),100% (1/1),100% (1/1),G3fboo02e,,
3HXCEECSQM3PWFG4UGLQWXW7U3OZYP,3MCFX9UVS0URJRDU8ZV1L2829T3867,Look at a series of images and answer some multiple-choice questions (please only do this HIT once!),Read a short story and answer several multiple-choice questions (HIT takes around 3 minutes),"psychology, cognitive, science, research, yale, university, fun, thinking",$0.45 ,Tue Sep 17 04:37:05 PDT 2019,10,BatchId:3769914;OriginalHitTemplateId:920937340;,7200,259200,Tue Sep 24 04:37:05 PDT 2019,,,3TXWC2NHN00FHMKCHE43Q71Z69G9SQ,X,Approved,Tue Sep 17 04:37:08 PDT 2019,Tue Sep 17 04:52:00 PDT 2019,Fri Sep 20 04:52:00 PDT 2019,Fri Sep 20 04:52:17 PDT 2019,,,892,100% (1/1),100% (1/1),100% (1/1),G3sPvYlxw,,
3HXCEECSQM3PWFG4UGLQWXW7U3OZYP,3MCFX9UVS0URJRDU8ZV1L2829T3867,Look at a series of images and answer some multiple-choice questions (please only do this HIT once!),Read a short story and answer several multiple-choice questions (HIT takes around 3 minutes),"psychology, cognitive, science, research, yale, university, fun, thinking",$0.45 ,Tue Sep 17 04:37:05 PDT 2019,10,BatchId:3769914;OriginalHitTemplateId:920937340;,7200,259200,Tue Sep 24 04:37:05 PDT 2019,,,3WEV0KO0ON2RKCXTTU95C3KPXV9DSR,X,Approved,Tue Sep 17 06:37:56 PDT 2019,Tue Sep 17 07:10:38 PDT 2019,Fri Sep 20 07:10:38 PDT 2019,Fri Sep 20 07:11:17 PDT 2019,,,1962,100% (1/1),100% (1/1),100% (1/1),G3tr0LFpb,,
3SZYX62S5GA8AH0E0JOAUG5FP5875Q,3MCFX9UVS0URJRDU8ZV1L2829T3867,Look at a series of images and answer some multiple-choice questions (please only do this HIT once!),Read a short story and answer several multiple-choice questions (HIT takes around 3 minutes),"psychology, cognitive, science, research, yale, university, fun, thinking",$0.45 ,Tue Sep 17 04:37:16 PDT 2019,10,BatchId:3769915;OriginalHitTemplateId:920937340;,7200,259200,Tue Sep 24 04:37:16 PDT 2019,,,3300DTYQT3RKZ2WGXLVKNLN9FIBEQG,X,Approved,Tue Sep 17 04:37:21 PDT 2019,Tue Sep 17 04:40:10 PDT 2019,Fri Sep 20 04:40:10 PDT 2019,Fri Sep 20 04:40:17 PDT 2019,,,169,100% (1/1),100% (1/1),100% (1/1),G3dQ6tF3G,,
3SZYX62S5GA8AH0E0JOAUG5FP5875Q,3MCFX9UVS0URJRDU8ZV1L2829T3867,Look at a series of images and answer some multiple-choice questions (please only do this HIT once!),Read a short story and answer several multiple-choice questions (HIT takes around 3 minutes),"psychology, cognitive, science, research, yale, university, fun, thinking",$0.45 ,Tue Sep 17 04:37:16 PDT 2019,10,BatchId:3769915;OriginalHitTemplateId:920937340;,7200,259200,Tue Sep 24 04:37:16 PDT 2019,,,33TIN5LC05KCD8WLGKWS8TP0NUC9Y4,X,Approved,Tue Sep 17 04:37:21 PDT 2019,Tue Sep 17 04:43:49 PDT 2019,Fri Sep 20 04:43:49 PDT 2019,Fri Sep 20 04:44:17 PDT 2019,,,388,100% (1/1),100% (1/1),100% (1/1),G3xd6ynMZ,,
3SZYX62S5GA8AH0E0JOAUG5FP5875Q,3MCFX9UVS0URJRDU8ZV1L2829T3867,Look at a series of images and answer some multiple-choice questions (please only do this HIT once!),Read a short story and answer several multiple-choice questions (HIT takes around 3 minutes),"psychology, cognitive, science, research, yale, university, fun, thinking",$0.45 ,Tue Sep 17 04:37:16 PDT 2019,10,BatchId:3769915;OriginalHitTemplateId:920937340;,7200,259200,Tue Sep 24 04:37:16 PDT 2019,,,3H0W84IWBLCKB3BGA0KKSBXEB4DERH,X,Approved,Tue Sep 17 06:37:45 PDT 2019,Tue Sep 17 07:58:46 PDT 2019,Fri Sep 20 07:58:46 PDT 2019,Fri Sep 20 07:59:17 PDT 2019,,,4861,100% (1/1),100% (1/1),100% (1/1),G3MTCJJIt,,
3SZYX62S5GA8AH0E0JOAUG5FP5875Q,3MCFX9UVS0URJRDU8ZV1L2829T3867,Look at a series of images and answer some multiple-choice questions (please only do this HIT once!),Read a short story and answer several multiple-choice questions (HIT takes around 3 minutes),"psychology, cognitive, science, research, yale, university, fun, thinking",$0.45 ,Tue Sep 17 04:37:16 PDT 2019,10,BatchId:3769915;OriginalHitTemplateId:920937340;,7200,259200,Tue Sep 24 04:37:16 PDT 2019,,,3IX2EGZR7CTSMJX8O1VBPRA6GC9JR7,X,Approved,Tue Sep 17 04:37:20 PDT 2019,Tue Sep 17 04:45:20 PDT 2019,Fri Sep 20 04:45:20 PDT 2019,Fri Sep 20 04:46:17 PDT 2019,,,480,100% (3/3),100% (1/1),100% (1/1),G3TE9d7y6,,
3SZYX62S5GA8AH0E0JOAUG5FP5875Q,3MCFX9UVS0URJRDU8ZV1L2829T3867,Look at a series of images and answer some multiple-choice questions (please only do this HIT once!),Read a short story and answer several multiple-choice questions (HIT takes around 3 minutes),"psychology, cognitive, science, research, yale, university, fun, thinking",$0.45 ,Tue Sep 17 04:37:16 PDT 2019,10,BatchId:3769915;OriginalHitTemplateId:920937340;,7200,259200,Tue Sep 24 04:37:16 PDT 2019,,,3JC6VJ2SACTSG3W6XO5VTR2RY7Q5AZ,X,Approved,Tue Sep 17 04:37:20 PDT 2019,Tue Sep 17 04:54:33 PDT 2019,Fri Sep 20 04:54:33 PDT 2019,Fri Sep 20 04:55:17 PDT 2019,,,1033,100% (2/2),100% (1/1),100% (1/1),G3E8V1ipS,,
3SZYX62S5GA8AH0E0JOAUG5FP5875Q,3MCFX9UVS0URJRDU8ZV1L2829T3867,Look at a series of images and answer some multiple-choice questions (please only do this HIT once!),Read a short story and answer several multiple-choice questions (HIT takes around 3 minutes),"psychology, cognitive, science, research, yale, university, fun, thinking",$0.45 ,Tue Sep 17 04:37:16 PDT 2019,10,BatchId:3769915;OriginalHitTemplateId:920937340;,7200,259200,Tue Sep 24 04:37:16 PDT 2019,,,3NAPMVF0ZXPIY4FL82RDLTXPDPT729,X,Approved,Tue Sep 17 04:37:21 PDT 2019,Tue Sep 17 04:39:30 PDT 2019,Fri Sep 20 04:39:30 PDT 2019,Fri Sep 20 04:40:17 PDT 2019,,,129,100% (1/1),100% (1/1),100% (1/1),G3KoqvUpy,,
3SZYX62S5GA8AH0E0JOAUG5FP5875Q,3MCFX9UVS0URJRDU8ZV1L2829T3867,Look at a series of images and answer some multiple-choice questions (please only do this HIT once!),Read a short story and answer several multiple-choice questions (HIT takes around 3 minutes),"psychology, cognitive, science, research, yale, university, fun, thinking",$0.45 ,Tue Sep 17 04:37:16 PDT 2019,10,BatchId:3769915;OriginalHitTemplateId:920937340;,7200,259200,Tue Sep 24 04:37:16 PDT 2019,,,3QIYRE09Y4R0C4PC558OC79ALZY1ND,X,Approved,Tue Sep 17 06:38:38 PDT 2019,Tue Sep 17 07:00:13 PDT 2019,Fri Sep 20 07:00:13 PDT 2019,Fri Sep 20 07:00:17 PDT 2019,,,1295,100% (1/1),100% (1/1),100% (1/1),G3eIUMdGl,,
3SZYX62S5GA8AH0E0JOAUG5FP5875Q,3MCFX9UVS0URJRDU8ZV1L2829T3867,Look at a series of images and answer some multiple-choice questions (please only do this HIT once!),Read a short story and answer several multiple-choice questions (HIT takes around 3 minutes),"psychology, cognitive, science, research, yale, university, fun, thinking",$0.45 ,Tue Sep 17 04:37:16 PDT 2019,10,BatchId:3769915;OriginalHitTemplateId:920937340;,7200,259200,Tue Sep 24 04:37:16 PDT 2019,,,3R2PKQ87NXI5US0A1BEURR1WXALMIA,X,Approved,Tue Sep 17 04:37:20 PDT 2019,Tue Sep 17 04:47:20 PDT 2019,Fri Sep 20 04:47:20 PDT 2019,Fri Sep 20 04:48:17 PDT 2019,,,600,100% (2/2),100% (1/1),100% (1/1),G3M0RzNy0,,
3SZYX62S5GA8AH0E0JOAUG5FP5875Q,3MCFX9UVS0URJRDU8ZV1L2829T3867,Look at a series of images and answer some multiple-choice questions (please only do this HIT once!),Read a short story and answer several multiple-choice questions (HIT takes around 3 minutes),"psychology, cognitive, science, research, yale, university, fun, thinking",$0.45 ,Tue Sep 17 04:37:16 PDT 2019,10,BatchId:3769915;OriginalHitTemplateId:920937340;,7200,259200,Tue Sep 24 04:37:16 PDT 2019,,,3S4AW7T80CSRG3JAGABBXDCOSNWL4U,X,Approved,Tue Sep 17 04:58:58 PDT 2019,Tue Sep 17 05:01:20 PDT 2019,Fri Sep 20 05:01:20 PDT 2019,Fri Sep 20 05:02:17 PDT 2019,,,142,100% (4/4),100% (1/1),100% (1/1),G3eo4sd9f,,
3SZYX62S5GA8AH0E0JOAUG5FP5875Q,3MCFX9UVS0URJRDU8ZV1L2829T3867,Look at a series of images and answer some multiple-choice questions (please only do this HIT once!),Read a short story and answer several multiple-choice questions (HIT takes around 3 minutes),"psychology, cognitive, science, research, yale, university, fun, thinking",$0.45 ,Tue Sep 17 04:37:16 PDT 2019,10,BatchId:3769915;OriginalHitTemplateId:920937340;,7200,259200,Tue Sep 24 04:37:16 PDT 2019,,,3WJEQKOXA9CTSLVNW13JQ1PAMSTA1W,X,Approved,Tue Sep 17 05:50:00 PDT 2019,Tue Sep 17 07:19:27 PDT 2019,Fri Sep 20 07:19:27 PDT 2019,Fri Sep 20 07:20:17 PDT 2019,,,5367,100% (3/3),100% (1/1),100% (1/1),G3BTTLUzW,,
3P6ENY9P796HFU15KCTGA2YE8UAHIC,3MCFX9UVS0URJRDU8ZV1L2829T3867,Look at a series of images and answer some multiple-choice questions (please only do this HIT once!),Read a short story and answer several multiple-choice questions (HIT takes around 3 minutes),"psychology, cognitive, science, research, yale, university, fun, thinking",$0.45 ,Tue Sep 17 04:39:57 PDT 2019,10,BatchId:3769918;OriginalHitTemplateId:920937340;,7200,259200,Tue Sep 24 04:39:57 PDT 2019,,,304SM51WA4EY5FZ9FYIZHDWPU9JSBJ,X,Approved,Tue Sep 17 04:40:09 PDT 2019,Tue Sep 17 04:43:23 PDT 2019,Fri Sep 20 04:43:23 PDT 2019,Fri Sep 20 04:44:17 PDT 2019,,,194,100% (1/1),100% (1/1),100% (1/1),G3PJhUaKe,,
3P6ENY9P796HFU15KCTGA2YE8UAHIC,3MCFX9UVS0URJRDU8ZV1L2829T3867,Look at a series of images and answer some multiple-choice questions (please only do this HIT once!),Read a short story and answer several multiple-choice questions (HIT takes around 3 minutes),"psychology, cognitive, science, research, yale, university, fun, thinking",$0.45 ,Tue Sep 17 04:39:57 PDT 2019,10,BatchId:3769918;OriginalHitTemplateId:920937340;,7200,259200,Tue Sep 24 04:39:57 PDT 2019,,,30X31N5D640TM5UH9KI3M2CJCRYAS6,X,Approved,Tue Sep 17 04:40:08 PDT 2019,Tue Sep 17 04:50:00 PDT 2019,Fri Sep 20 04:50:00 PDT 2019,Fri Sep 20 04:50:17 PDT 2019,,,592,100% (1/1),100% (1/1),100% (1/1),G3LbIhFsC,,
3P6ENY9P796HFU15KCTGA2YE8UAHIC,3MCFX9UVS0URJRDU8ZV1L2829T3867,Look at a series of images and answer some multiple-choice questions (please only do this HIT once!),Read a short story and answer several multiple-choice questions (HIT takes around 3 minutes),"psychology, cognitive, science, research, yale, university, fun, thinking",$0.45 ,Tue Sep 17 04:39:57 PDT 2019,10,BatchId:3769918;OriginalHitTemplateId:920937340;,7200,259200,Tue Sep 24 04:39:57 PDT 2019,,,35LDD5557BEW0NQY1EZ647G9PEAKMJ,X,Approved,Tue Sep 17 04:40:08 PDT 2019,Tue Sep 17 05:08:04 PDT 2019,Fri Sep 20 05:08:04 PDT 2019,Fri Sep 20 05:08:17 PDT 2019,,,1676,100% (1/1),100% (1/1),100% (1/1),G3pxmlevd,,
3P6ENY9P796HFU15KCTGA2YE8UAHIC,3MCFX9UVS0URJRDU8ZV1L2829T3867,Look at a series of images and answer some multiple-choice questions (please only do this HIT once!),Read a short story and answer several multiple-choice questions (HIT takes around 3 minutes),"psychology, cognitive, science, research, yale, university, fun, thinking",$0.45 ,Tue Sep 17 04:39:57 PDT 2019,10,BatchId:3769918;OriginalHitTemplateId:920937340;,7200,259200,Tue Sep 24 04:39:57 PDT 2019,,,3FQ5JJ512MY2I5BYDFE6HM59U4KKNJ,X,Approved,Tue Sep 17 04:40:09 PDT 2019,Tue Sep 17 06:19:36 PDT 2019,Fri Sep 20 06:19:36 PDT 2019,Fri Sep 20 06:20:17 PDT 2019,,,5967,100% (4/4),100% (1/1),100% (1/1),G3qaGKIxx,,
3P6ENY9P796HFU15KCTGA2YE8UAHIC,3MCFX9UVS0URJRDU8ZV1L2829T3867,Look at a series of images and answer some multiple-choice questions (please only do this HIT once!),Read a short story and answer several multiple-choice questions (HIT takes around 3 minutes),"psychology, cognitive, science, research, yale, university, fun, thinking",$0.45 ,Tue Sep 17 04:39:57 PDT 2019,10,BatchId:3769918;OriginalHitTemplateId:920937340;,7200,259200,Tue Sep 24 04:39:57 PDT 2019,,,3JBT3HLQF9CXALMXTVU88QYHYSYPZ6,X,Approved,Tue Sep 17 04:40:08 PDT 2019,Tue Sep 17 05:14:59 PDT 2019,Fri Sep 20 05:14:59 PDT 2019,Fri Sep 20 05:15:17 PDT 2019,,,2091,100% (2/2),100% (1/1),100% (1/1),G3IseRj7Z,,
3P6ENY9P796HFU15KCTGA2YE8UAHIC,3MCFX9UVS0URJRDU8ZV1L2829T3867,Look at a series of images and answer some multiple-choice questions (please only do this HIT once!),Read a short story and answer several multiple-choice questions (HIT takes around 3 minutes),"psychology, cognitive, science, research, yale, university, fun, thinking",$0.45 ,Tue Sep 17 04:39:57 PDT 2019,10,BatchId:3769918;OriginalHitTemplateId:920937340;,7200,259200,Tue Sep 24 04:39:57 PDT 2019,,,3KIBXJ1WD64K0QBAEUEJWB5EKEPKOY,X,Approved,Tue Sep 17 04:40:10 PDT 2019,Tue Sep 17 04:48:47 PDT 2019,Fri Sep 20 04:48:47 PDT 2019,Fri Sep 20 04:49:17 PDT 2019,,,517,100% (1/1),100% (1/1),100% (1/1),G3CYABAIb,,
3P6ENY9P796HFU15KCTGA2YE8UAHIC,3MCFX9UVS0URJRDU8ZV1L2829T3867,Look at a series of images and answer some multiple-choice questions (please only do this HIT once!),Read a short story and answer several multiple-choice questions (HIT takes around 3 minutes),"psychology, cognitive, science, research, yale, university, fun, thinking",$0.45 ,Tue Sep 17 04:39:57 PDT 2019,10,BatchId:3769918;OriginalHitTemplateId:920937340;,7200,259200,Tue Sep 24 04:39:57 PDT 2019,,,3LPW2N6LKUCCVCA43TMMTSEL5AK5UD,X,Approved,Tue Sep 17 04:58:57 PDT 2019,Tue Sep 17 05:25:22 PDT 2019,Fri Sep 20 05:25:22 PDT 2019,Fri Sep 20 05:26:17 PDT 2019,,,1585,100% (1/1),100% (1/1),100% (1/1),G3PpMEFAG,,
3P6ENY9P796HFU15KCTGA2YE8UAHIC,3MCFX9UVS0URJRDU8ZV1L2829T3867,Look at a series of images and answer some multiple-choice questions (please only do this HIT once!),Read a short story and answer several multiple-choice questions (HIT takes around 3 minutes),"psychology, cognitive, science, research, yale, university, fun, thinking",$0.45 ,Tue Sep 17 04:39:57 PDT 2019,10,BatchId:3769918;OriginalHitTemplateId:920937340;,7200,259200,Tue Sep 24 04:39:57 PDT 2019,,,3TUI152ZZCXLF124LX05G14FQ97Q19,X,Approved,Tue Sep 17 04:40:09 PDT 2019,Tue Sep 17 05:22:23 PDT 2019,Fri Sep 20 05:22:23 PDT 2019,Fri Sep 20 05:23:17 PDT 2019,,,2534,100% (1/1),100% (1/1),100% (1/1),G3WiIgGPC,,
3P6ENY9P796HFU15KCTGA2YE8UAHIC,3MCFX9UVS0URJRDU8ZV1L2829T3867,Look at a series of images and answer some multiple-choice questions (please only do this HIT once!),Read a short story and answer several multiple-choice questions (HIT takes around 3 minutes),"psychology, cognitive, science, research, yale, university, fun, thinking",$0.45 ,Tue Sep 17 04:39:57 PDT 2019,10,BatchId:3769918;OriginalHitTemplateId:920937340;,7200,259200,Tue Sep 24 04:39:57 PDT 2019,,,3U8YCDAGXQQL8CHMPEW52WL5LH1Q06,X,Approved,Tue Sep 17 04:40:09 PDT 2019,Tue Sep 17 04:44:03 PDT 2019,Fri Sep 20 04:44:03 PDT 2019,Fri Sep 20 04:44:17 PDT 2019,,,234,100% (2/2),100% (1/1),100% (1/1),G3xpb5Zxh,,
3P6ENY9P796HFU15KCTGA2YE8UAHIC,3MCFX9UVS0URJRDU8ZV1L2829T3867,Look at a series of images and answer some multiple-choice questions (please only do this HIT once!),Read a short story and answer several multiple-choice questions (HIT takes around 3 minutes),"psychology, cognitive, science, research, yale, university, fun, thinking",$0.45 ,Tue Sep 17 04:39:57 PDT 2019,10,BatchId:3769918;OriginalHitTemplateId:920937340;,7200,259200,Tue Sep 24 04:39:57 PDT 2019,,,3WSELTNVR4CU157WYKNTW785EACATV,X,Approved,Tue Sep 17 04:40:09 PDT 2019,Tue Sep 17 04:49:58 PDT 2019,Fri Sep 20 04:49:58 PDT 2019,Fri Sep 20 04:50:17 PDT 2019,,,589,100% (1/1),100% (1/1),100% (1/1),G3tQCms9k,,
3BDORL6HKKN3RLT8O79OD32PIYOCR2,3MCFX9UVS0URJRDU8ZV1L2829T3867,Look at a series of images and answer some multiple-choice questions (please only do this HIT once!),Read a short story and answer several multiple-choice questions (HIT takes around 3 minutes),"psychology, cognitive, science, research, yale, university, fun, thinking",$0.45 ,Tue Sep 17 04:40:06 PDT 2019,10,BatchId:3769919;OriginalHitTemplateId:920937340;,7200,259200,Tue Sep 24 04:40:06 PDT 2019,,,323Q6SJS8JQZSNX996SWWPG80WUFH3,X,Approved,Tue Sep 17 06:40:33 PDT 2019,Tue Sep 17 06:48:24 PDT 2019,Fri Sep 20 06:48:24 PDT 2019,Fri Sep 20 06:49:17 PDT 2019,,,471,100% (1/1),100% (1/1),100% (1/1),G3daMU4D6,,
3BDORL6HKKN3RLT8O79OD32PIYOCR2,3MCFX9UVS0URJRDU8ZV1L2829T3867,Look at a series of images and answer some multiple-choice questions (please only do this HIT once!),Read a short story and answer several multiple-choice questions (HIT takes around 3 minutes),"psychology, cognitive, science, research, yale, university, fun, thinking",$0.45 ,Tue Sep 17 04:40:06 PDT 2019,10,BatchId:3769919;OriginalHitTemplateId:920937340;,7200,259200,Tue Sep 24 04:40:06 PDT 2019,,,32N49TQG3HS9EXBL3FN8XPWQBVSAVB,X,Approved,Tue Sep 17 04:40:21 PDT 2019,Tue Sep 17 04:43:27 PDT 2019,Fri Sep 20 04:43:27 PDT 2019,Fri Sep 20 04:44:17 PDT 2019,,,186,100% (1/1),100% (1/1),100% (1/1),G3fYRwvo7,,
3BDORL6HKKN3RLT8O79OD32PIYOCR2,3MCFX9UVS0URJRDU8ZV1L2829T3867,Look at a series of images and answer some multiple-choice questions (please only do this HIT once!),Read a short story and answer several multiple-choice questions (HIT takes around 3 minutes),"psychology, cognitive, science, research, yale, university, fun, thinking",$0.45 ,Tue Sep 17 04:40:06 PDT 2019,10,BatchId:3769919;OriginalHitTemplateId:920937340;,7200,259200,Tue Sep 24 04:40:06 PDT 2019,,,33CID5710536Y706GW6SN8KIEN0L39,X,Approved,Tue Sep 17 04:58:57 PDT 2019,Tue Sep 17 05:09:55 PDT 2019,Fri Sep 20 05:09:55 PDT 2019,Fri Sep 20 05:10:17 PDT 2019,,,658,100% (2/2),100% (1/1),100% (1/1),G3TtUKdyX,,
3BDORL6HKKN3RLT8O79OD32PIYOCR2,3MCFX9UVS0URJRDU8ZV1L2829T3867,Look at a series of images and answer some multiple-choice questions (please only do this HIT once!),Read a short story and answer several multiple-choice questions (HIT takes around 3 minutes),"psychology, cognitive, science, research, yale, university, fun, thinking",$0.45 ,Tue Sep 17 04:40:06 PDT 2019,10,BatchId:3769919;OriginalHitTemplateId:920937340;,7200,259200,Tue Sep 24 04:40:06 PDT 2019,,,36W0OB37HXO5X4O9AIM3ZHWQC1OHZT,X,Approved,Tue Sep 17 04:40:21 PDT 2019,Tue Sep 17 04:52:54 PDT 2019,Fri Sep 20 04:52:54 PDT 2019,Fri Sep 20 04:53:17 PDT 2019,,,753,100% (1/1),100% (1/1),100% (1/1),G3fn685wq,,
3BDORL6HKKN3RLT8O79OD32PIYOCR2,3MCFX9UVS0URJRDU8ZV1L2829T3867,Look at a series of images and answer some multiple-choice questions (please only do this HIT once!),Read a short story and answer several multiple-choice questions (HIT takes around 3 minutes),"psychology, cognitive, science, research, yale, university, fun, thinking",$0.45 ,Tue Sep 17 04:40:06 PDT 2019,10,BatchId:3769919;OriginalHitTemplateId:920937340;,7200,259200,Tue Sep 24 04:40:06 PDT 2019,,,37TD41K0AIJHFKRFTYEUSX27CUJSCQ,X,Approved,Tue Sep 17 04:40:22 PDT 2019,Tue Sep 17 04:44:34 PDT 2019,Fri Sep 20 04:44:34 PDT 2019,Fri Sep 20 04:45:17 PDT 2019,,,252,100% (1/1),100% (1/1),100% (1/1),G3DQThYyO,,
3BDORL6HKKN3RLT8O79OD32PIYOCR2,3MCFX9UVS0URJRDU8ZV1L2829T3867,Look at a series of images and answer some multiple-choice questions (please only do this HIT once!),Read a short story and answer several multiple-choice questions (HIT takes around 3 minutes),"psychology, cognitive, science, research, yale, university, fun, thinking",$0.45 ,Tue Sep 17 04:40:06 PDT 2019,10,BatchId:3769919;OriginalHitTemplateId:920937340;,7200,259200,Tue Sep 24 04:40:06 PDT 2019,,,3FFJ6VRIL2Y8RET3C6RWTUUJU7KI0V,X,Approved,Tue Sep 17 04:40:22 PDT 2019,Tue Sep 17 05:05:45 PDT 2019,Fri Sep 20 05:05:45 PDT 2019,Fri Sep 20 05:06:17 PDT 2019,,,1523,100% (2/2),100% (1/1),100% (1/1),G3YQJjHlu,,
3BDORL6HKKN3RLT8O79OD32PIYOCR2,3MCFX9UVS0URJRDU8ZV1L2829T3867,Look at a series of images and answer some multiple-choice questions (please only do this HIT once!),Read a short story and answer several multiple-choice questions (HIT takes around 3 minutes),"psychology, cognitive, science, research, yale, university, fun, thinking",$0.45 ,Tue Sep 17 04:40:06 PDT 2019,10,BatchId:3769919;OriginalHitTemplateId:920937340;,7200,259200,Tue Sep 24 04:40:06 PDT 2019,,,3N4BPTXIO92FDVV7AGQSVHX320DKUB,X,Approved,Tue Sep 17 04:50:16 PDT 2019,Tue Sep 17 04:52:12 PDT 2019,Fri Sep 20 04:52:12 PDT 2019,Fri Sep 20 04:52:17 PDT 2019,,,116,83% (5/6),100% (2/2),100% (1/1),G3wdblJMb,,
3BDORL6HKKN3RLT8O79OD32PIYOCR2,3MCFX9UVS0URJRDU8ZV1L2829T3867,Look at a series of images and answer some multiple-choice questions (please only do this HIT once!),Read a short story and answer several multiple-choice questions (HIT takes around 3 minutes),"psychology, cognitive, science, research, yale, university, fun, thinking",$0.45 ,Tue Sep 17 04:40:06 PDT 2019,10,BatchId:3769919;OriginalHitTemplateId:920937340;,7200,259200,Tue Sep 24 04:40:06 PDT 2019,,,3PWWM24LHT8MYIK4I7JJZTTKO9Z82X,X,Approved,Tue Sep 17 04:40:23 PDT 2019,Tue Sep 17 04:53:50 PDT 2019,Fri Sep 20 04:53:50 PDT 2019,Fri Sep 20 04:54:17 PDT 2019,,,807,100% (4/4),100% (1/1),100% (1/1),G3D99gKVq,,
3BDORL6HKKN3RLT8O79OD32PIYOCR2,3MCFX9UVS0URJRDU8ZV1L2829T3867,Look at a series of images and answer some multiple-choice questions (please only do this HIT once!),Read a short story and answer several multiple-choice questions (HIT takes around 3 minutes),"psychology, cognitive, science, research, yale, university, fun, thinking",$0.45 ,Tue Sep 17 04:40:06 PDT 2019,10,BatchId:3769919;OriginalHitTemplateId:920937340;,7200,259200,Tue Sep 24 04:40:06 PDT 2019,,,3SB4CE2TJW51IMGG3UOQLATBR60AXE,X,Approved,Tue Sep 17 04:40:22 PDT 2019,Tue Sep 17 05:57:47 PDT 2019,Fri Sep 20 05:57:47 PDT 2019,Fri Sep 20 05:58:17 PDT 2019,,,4645,100% (1/1),100% (1/1),100% (1/1),G32Jze8sM,,
3BDORL6HKKN3RLT8O79OD32PIYOCR2,3MCFX9UVS0URJRDU8ZV1L2829T3867,Look at a series of images and answer some multiple-choice questions (please only do this HIT once!),Read a short story and answer several multiple-choice questions (HIT takes around 3 minutes),"psychology, cognitive, science, research, yale, university, fun, thinking",$0.45 ,Tue Sep 17 04:40:06 PDT 2019,10,BatchId:3769919;OriginalHitTemplateId:920937340;,7200,259200,Tue Sep 24 04:40:06 PDT 2019,,,3YOH7BII0AHFQAK7F60XR3ZMG7MKV0,X,Approved,Tue Sep 17 04:40:21 PDT 2019,Tue Sep 17 04:51:57 PDT 2019,Fri Sep 20 04:51:57 PDT 2019,Fri Sep 20 04:52:17 PDT 2019,,,696,100% (1/1),100% (1/1),100% (1/1),G3S7v4jTl,,
3A520CCNWNAQP2R5INTX81DI36DAEL,3MCFX9UVS0URJRDU8ZV1L2829T3867,Look at a series of images and answer some multiple-choice questions (please only do this HIT once!),Read a short story and answer several multiple-choice questions (HIT takes around 3 minutes),"psychology, cognitive, science, research, yale, university, fun, thinking",$0.45 ,Tue Sep 17 04:40:37 PDT 2019,10,BatchId:3769921;OriginalHitTemplateId:920937340;,7200,259200,Tue Sep 24 04:40:37 PDT 2019,,,37FMASSAYD19B1WDAMOLDBQ2LBHIBH,X,Approved,Tue Sep 17 04:40:46 PDT 2019,Tue Sep 17 04:42:30 PDT 2019,Fri Sep 20 04:42:30 PDT 2019,Fri Sep 20 04:43:17 PDT 2019,,,104,100% (3/3),100% (1/1),100% (1/1),G3XWZcKAI,,
3A520CCNWNAQP2R5INTX81DI36DAEL,3MCFX9UVS0URJRDU8ZV1L2829T3867,Look at a series of images and answer some multiple-choice questions (please only do this HIT once!),Read a short story and answer several multiple-choice questions (HIT takes around 3 minutes),"psychology, cognitive, science, research, yale, university, fun, thinking",$0.45 ,Tue Sep 17 04:40:37 PDT 2019,10,BatchId:3769921;OriginalHitTemplateId:920937340;,7200,259200,Tue Sep 24 04:40:37 PDT 2019,,,31QNSG6A5S3TKJHAOJ0EVKASZPL87D,X,Approved,Tue Sep 17 04:50:27 PDT 2019,Tue Sep 17 04:53:02 PDT 2019,Fri Sep 20 04:53:02 PDT 2019,Fri Sep 20 04:53:17 PDT 2019,,,155,100% (1/1),100% (1/1),100% (1/1),G34YxkHWo,,
3A520CCNWNAQP2R5INTX81DI36DAEL,3MCFX9UVS0URJRDU8ZV1L2829T3867,Look at a series of images and answer some multiple-choice questions (please only do this HIT once!),Read a short story and answer several multiple-choice questions (HIT takes around 3 minutes),"psychology, cognitive, science, research, yale, university, fun, thinking",$0.45 ,Tue Sep 17 04:40:37 PDT 2019,10,BatchId:3769921;OriginalHitTemplateId:920937340;,7200,259200,Tue Sep 24 04:40:37 PDT 2019,,,3NC5L260MPW9K4JWDJNMGYD9CI8FOR,X,Approved,Tue Sep 17 04:40:45 PDT 2019,Tue Sep 17 04:43:48 PDT 2019,Fri Sep 20 04:43:48 PDT 2019,Fri Sep 20 04:44:17 PDT 2019,,,183,100% (3/3),100% (1/1),100% (1/1),G3cCAHbfL,,
3A520CCNWNAQP2R5INTX81DI36DAEL,3MCFX9UVS0URJRDU8ZV1L2829T3867,Look at a series of images and answer some multiple-choice questions (please only do this HIT once!),Read a short story and answer several multiple-choice questions (HIT takes around 3 minutes),"psychology, cognitive, science, research, yale, university, fun, thinking",$0.45 ,Tue Sep 17 04:40:37 PDT 2019,10,BatchId:3769921;OriginalHitTemplateId:920937340;,7200,259200,Tue Sep 24 04:40:37 PDT 2019,,,3X31TUMD7YWAO4MRTSS9ZF5LG3KL1F,X,Approved,Tue Sep 17 04:40:46 PDT 2019,Tue Sep 17 04:44:47 PDT 2019,Fri Sep 20 04:44:47 PDT 2019,Fri Sep 20 04:45:17 PDT 2019,,,241,100% (1/1),100% (1/1),100% (1/1),G3UbJOXrZ,,
3A520CCNWNAQP2R5INTX81DI36DAEL,3MCFX9UVS0URJRDU8ZV1L2829T3867,Look at a series of images and answer some multiple-choice questions (please only do this HIT once!),Read a short story and answer several multiple-choice questions (HIT takes around 3 minutes),"psychology, cognitive, science, research, yale, university, fun, thinking",$0.45 ,Tue Sep 17 04:40:37 PDT 2019,10,BatchId:3769921;OriginalHitTemplateId:920937340;,7200,259200,Tue Sep 24 04:40:37 PDT 2019,,,3FIJLY1B6VER54VXSJ015YIZMN4FP8,X,Approved,Tue Sep 17 04:40:46 PDT 2019,Tue Sep 17 04:46:18 PDT 2019,Fri Sep 20 04:46:18 PDT 2019,Fri Sep 20 04:47:17 PDT 2019,,,332,100% (1/1),100% (1/1),100% (1/1),G38DSugZ5,,
3A520CCNWNAQP2R5INTX81DI36DAEL,3MCFX9UVS0URJRDU8ZV1L2829T3867,Look at a series of images and answer some multiple-choice questions (please only do this HIT once!),Read a short story and answer several multiple-choice questions (HIT takes around 3 minutes),"psychology, cognitive, science, research, yale, university, fun, thinking",$0.45 ,Tue Sep 17 04:40:37 PDT 2019,10,BatchId:3769921;OriginalHitTemplateId:920937340;,7200,259200,Tue Sep 24 04:40:37 PDT 2019,,,3YHH42UU5CPAHF19X9O9LAMBBBEL0C,X,Approved,Tue Sep 17 04:40:45 PDT 2019,Tue Sep 17 04:47:26 PDT 2019,Fri Sep 20 04:47:26 PDT 2019,Fri Sep 20 04:48:17 PDT 2019,,,401,100% (1/1),100% (1/1),100% (1/1),G3iFotM9h,,
3A520CCNWNAQP2R5INTX81DI36DAEL,3MCFX9UVS0URJRDU8ZV1L2829T3867,Look at a series of images and answer some multiple-choice questions (please only do this HIT once!),Read a short story and answer several multiple-choice questions (HIT takes around 3 minutes),"psychology, cognitive, science, research, yale, university, fun, thinking",$0.45 ,Tue Sep 17 04:40:37 PDT 2019,10,BatchId:3769921;OriginalHitTemplateId:920937340;,7200,259200,Tue Sep 24 04:40:37 PDT 2019,,,308Q0PEVB9NQN8HGC2APM5VCXBEI97,X,Approved,Tue Sep 17 04:40:45 PDT 2019,Tue Sep 17 04:50:06 PDT 2019,Fri Sep 20 04:50:06 PDT 2019,Fri Sep 20 04:50:17 PDT 2019,,,561,100% (1/1),100% (1/1),100% (1/1),G3VEOnwX4,,
3A520CCNWNAQP2R5INTX81DI36DAEL,3MCFX9UVS0URJRDU8ZV1L2829T3867,Look at a series of images and answer some multiple-choice questions (please only do this HIT once!),Read a short story and answer several multiple-choice questions (HIT takes around 3 minutes),"psychology, cognitive, science, research, yale, university, fun, thinking",$0.45 ,Tue Sep 17 04:40:37 PDT 2019,10,BatchId:3769921;OriginalHitTemplateId:920937340;,7200,259200,Tue Sep 24 04:40:37 PDT 2019,,,3IKZ72A5B5QR2JJKC4N919D4M83FNC,X,Approved,Tue Sep 17 06:41:04 PDT 2019,Tue Sep 17 06:57:52 PDT 2019,Fri Sep 20 06:57:52 PDT 2019,Fri Sep 20 06:58:17 PDT 2019,,,1008,100% (1/1),100% (1/1),100% (1/1),G32WH8nw9,,
3A520CCNWNAQP2R5INTX81DI36DAEL,3MCFX9UVS0URJRDU8ZV1L2829T3867,Look at a series of images and answer some multiple-choice questions (please only do this HIT once!),Read a short story and answer several multiple-choice questions (HIT takes around 3 minutes),"psychology, cognitive, science, research, yale, university, fun, thinking",$0.45 ,Tue Sep 17 04:40:37 PDT 2019,10,BatchId:3769921;OriginalHitTemplateId:920937340;,7200,259200,Tue Sep 24 04:40:37 PDT 2019,,,3KMS4QQVK30QUDYHFRVT9HW0SD0FK9,X,Approved,Tue Sep 17 04:58:59 PDT 2019,Tue Sep 17 05:17:24 PDT 2019,Fri Sep 20 05:17:24 PDT 2019,Fri Sep 20 05:18:17 PDT 2019,,,1105,100% (1/1),100% (1/1),100% (1/1),G3t3zKoHf,,
3A520CCNWNAQP2R5INTX81DI36DAEL,3MCFX9UVS0URJRDU8ZV1L2829T3867,Look at a series of images and answer some multiple-choice questions (please only do this HIT once!),Read a short story and answer several multiple-choice questions (HIT takes around 3 minutes),"psychology, cognitive, science, research, yale, university, fun, thinking",$0.45 ,Tue Sep 17 04:40:37 PDT 2019,10,BatchId:3769921;OriginalHitTemplateId:920937340;,7200,259200,Tue Sep 24 04:40:37 PDT 2019,,,3S3AMIZX3VFBDV8XW8J5XYG7BR9DCH,X,Approved,Tue Sep 17 04:40:44 PDT 2019,Tue Sep 17 05:15:14 PDT 2019,Fri Sep 20 05:15:14 PDT 2019,Fri Sep 20 05:15:17 PDT 2019,,,2070,100% (1/1),100% (1/1),100% (1/1),G3nnVfHeE,,
