none,cone
none,stanchion
none,tape
none,cone
none,stanchion
none,tape
none,cone
none,stanchion
none,tape
none,cone
none,stanchion
none,tape
none,cone
none,stanchion
none,tape
none,cone
none,stanchion
none,tape
none,cone
none,stanchion
none,tape
none,cone
none,stanchion
none,tape
none,cone
none,stanchion
none,tape
none,cone
none,stanchion
none,tape
low,cone
low,stanchion
low,tape
low,cone
low,stanchion
low,tape
low,cone
low,stanchion
low,tape
low,cone
low,stanchion
low,tape
low,cone
low,stanchion
low,tape
low,cone
low,stanchion
low,tape
low,cone
low,stanchion
low,tape
low,cone
low,stanchion
low,tape
low,cone
low,stanchion
low,tape
low,cone
low,stanchion
low,tape
