feedback	assignments	workerid	Answer.system	creationtime	Answer.time_in_minutes	deadline	viewhit	keywords	Answer.trials	assignmentduration	title	assignmentapprovaltime	reject	assignmentstatus	hitlifetime	numpending	description	assignmentid	Answer.setup	assignmentaccepttime	numavailable	numcomplete	assignmentsubmittime	annotation	Answer.subject_information	reviewstatus	autoapprovaltime	hitstatus	autoapprovaldelay	hittypeid	assignmentrejecttime	reward	hitid
	3	0	"{""Browser"":""Chrome"",""OS"":""Mac"",""screenH"":800,""screenW"":1280}"	Sat Jan 19 18:42:07 EST 2019	2.20325		https://requester.mturk.com/mturk/manageHIT?HITId=3NSM4HLQNR479LORGALJSIH1DPXQQD	psychology cognitive science research yale university fun thinking	"[{""trial_num"": 1, ""target"": ""1""}, {""trial_num"": 2, ""target"": 0.79}, {""trial_num"": 3, ""target"": ""0""}, {""trial_num"": 4, ""target"": 0.81}, {""exclusion_num"": 1, ""target"": ""right""}, {""exclusion_num"": 2, ""target"": ""equal""}]"	3600	Play a simple cooperation game (please only do this HIT once!)			Submitted	Sun Jan 20 18:42:07 EST 2019	0	Guess what someone else is trying to tell you	3KV0LJBBH3VINR3TRY835J2MET0RMH	"{""condition"":""incongruent"",""first_side"":""right"",""second_side"":""left"",""first_object"":""books"",""second_object"":""chair"",""doors"":""open""}"	Sat Jan 19 18:43:41 EST 2019	0	0	Sat Jan 19 18:46:00 EST 2019	1 cond	"{""language"":""English"",""enjoyment"":""1"",""asses"":""No"",""age"":""32"",""gender"":""Male"",""education"":""3"",""problems"":""no"",""fairprice"":"".40"",""comments"":""thanks""}"	NotReviewed	Sun Jan 20 18:46:00 EST 2019	Reviewable	86400	3LC6UUY7PQL2LVO0ZUEVD0WV151DDM		$0.30	3NSM4HLQNR479LORGALJSIH1DPXQQD
	3	1	"{""Browser"":""Chrome"",""OS"":""Mac"",""screenH"":900,""screenW"":1440}"	Sat Jan 19 18:42:07 EST 2019	12.408933333333334		https://requester.mturk.com/mturk/manageHIT?HITId=3NSM4HLQNR479LORGALJSIH1DPXQQD	psychology cognitive science research yale university fun thinking	"[{""trial_num"": 1, ""target"": ""1""}, {""trial_num"": 2, ""target"": 0.69}, {""trial_num"": 3, ""target"": ""1""}, {""trial_num"": 4, ""target"": 0.39}, {""exclusion_num"": 1, ""target"": ""left""}, {""exclusion_num"": 2, ""target"": ""equal""}]"	3600	Play a simple cooperation game (please only do this HIT once!)			Submitted	Sun Jan 20 18:42:07 EST 2019	0	Guess what someone else is trying to tell you	30ZX6P7VF95BIZGN9BGAOJ2XY7S2JC	"{""condition"":""incongruent"",""first_side"":""left"",""second_side"":""right"",""first_object"":""books"",""second_object"":""chair"",""doors"":""open""}"	Sat Jan 19 19:38:19 EST 2019	0	0	Sat Jan 19 19:59:15 EST 2019	1 cond	"{""language"":""english"",""enjoyment"":""2"",""asses"":""Yes"",""age"":""36"",""gender"":""Female"",""education"":""3"",""problems"":""no"",""fairprice"":"".30"",""comments"":""no""}"	NotReviewed	Sun Jan 20 19:59:15 EST 2019	Reviewable	86400	3LC6UUY7PQL2LVO0ZUEVD0WV151DDM		$0.30	3NSM4HLQNR479LORGALJSIH1DPXQQD
	3	2	"{""Browser"":""Chrome"",""OS"":""Windows"",""screenH"":900,""screenW"":1600}"	Sat Jan 19 18:42:07 EST 2019	1.5838833333333333		https://requester.mturk.com/mturk/manageHIT?HITId=3NSM4HLQNR479LORGALJSIH1DPXQQD	psychology cognitive science research yale university fun thinking	"[{""trial_num"": 1, ""target"": ""0""}, {""trial_num"": 2, ""target"": 1}, {""trial_num"": 3, ""target"": ""0""}, {""trial_num"": 4, ""target"": 0.71}, {""exclusion_num"": 1, ""target"": ""right""}, {""exclusion_num"": 2, ""target"": ""equal""}]"	3600	Play a simple cooperation game (please only do this HIT once!)			Submitted	Sun Jan 20 18:42:07 EST 2019	0	Guess what someone else is trying to tell you	3QJOXOW4XK1TENYO5SO36C33Z4EEMV	"{""condition"":""incongruent"",""first_side"":""right"",""second_side"":""right"",""first_object"":""books"",""second_object"":""chair"",""doors"":""open""}"	Sat Jan 19 20:54:29 EST 2019	0	0	Sat Jan 19 21:46:31 EST 2019	1 cond	"{""language"":""english"",""enjoyment"":""1"",""asses"":""No"",""age"":""60"",""gender"":""Female"",""education"":""3"",""problems"":""no"",""fairprice"":""$0.5"",""comments"":""""}"	NotReviewed	Sun Jan 20 21:46:31 EST 2019	Reviewable	86400	3LC6UUY7PQL2LVO0ZUEVD0WV151DDM		$0.30	3NSM4HLQNR479LORGALJSIH1DPXQQD
	4	0	"{""Browser"":""Chrome"",""OS"":""Mac"",""screenH"":768,""screenW"":1366}"	Sat Jan 19 18:42:12 EST 2019	1.77185		https://requester.mturk.com/mturk/manageHIT?HITId=3ZTE0JGGCE20U81SWFSKJ8XKU9EOCY	psychology cognitive science research yale university fun thinking	"[{""trial_num"": 1, ""target"": ""0""}, {""trial_num"": 2, ""target"": 0.33}, {""trial_num"": 3, ""target"": ""0""}, {""trial_num"": 4, ""target"": 0.54}, {""exclusion_num"": 1, ""target"": ""left""}, {""exclusion_num"": 2, ""target"": ""equal""}]"	3600	Play a simple cooperation game (please only do this HIT once!)			Submitted	Sun Jan 20 18:42:12 EST 2019	0	Guess what someone else is trying to tell you	3NGMS9VZTMSFER63EG4WT44UE4DFF3	"{""condition"":""incongruent"",""first_side"":""left"",""second_side"":""right"",""first_object"":""books"",""second_object"":""cinderblocks"",""doors"":""open""}"	Sat Jan 19 18:42:50 EST 2019	0	0	Sat Jan 19 18:44:40 EST 2019	1 cond	"{""language"":""english"",""enjoyment"":""2"",""asses"":""Yes"",""age"":""21"",""gender"":""Male"",""education"":""2"",""problems"":""No"",""fairprice"":"".3"",""comments"":""""}"	NotReviewed	Sun Jan 20 18:44:40 EST 2019	Reviewable	86400	3LC6UUY7PQL2LVO0ZUEVD0WV151DDM		$0.30	3ZTE0JGGCE20U81SWFSKJ8XKU9EOCY
	4	1	"{""Browser"":""Chrome"",""OS"":""Windows"",""screenH"":768,""screenW"":1364}"	Sat Jan 19 18:42:12 EST 2019	1.8967833333333333		https://requester.mturk.com/mturk/manageHIT?HITId=3ZTE0JGGCE20U81SWFSKJ8XKU9EOCY	psychology cognitive science research yale university fun thinking	"[{""trial_num"": 1, ""target"": ""0""}, {""trial_num"": 2, ""target"": 0.69}, {""trial_num"": 3, ""target"": ""1""}, {""trial_num"": 4, ""target"": 0.91}, {""exclusion_num"": 1, ""target"": ""right""}, {""exclusion_num"": 2, ""target"": ""left""}]"	3600	Play a simple cooperation game (please only do this HIT once!)			Submitted	Sun Jan 20 18:42:12 EST 2019	0	Guess what someone else is trying to tell you	3VE8AYVF8N76ZCWG62YQJCN8R00F8M	"{""condition"":""incongruent"",""first_side"":""right"",""second_side"":""left"",""first_object"":""books"",""second_object"":""cinderblocks"",""doors"":""open""}"	Sat Jan 19 18:42:19 EST 2019	0	0	Sat Jan 19 18:49:07 EST 2019	1 cond	"{""language"":""english"",""enjoyment"":""1"",""asses"":""Yes"",""age"":""28"",""gender"":""Male"",""education"":""1"",""problems"":""no"",""fairprice"":""25"",""comments"":""""}"	NotReviewed	Sun Jan 20 18:49:07 EST 2019	Reviewable	86400	3LC6UUY7PQL2LVO0ZUEVD0WV151DDM		$0.30	3ZTE0JGGCE20U81SWFSKJ8XKU9EOCY
	4	2	"{""Browser"":""Chrome"",""OS"":""Windows"",""screenH"":800,""screenW"":1280}"	Sat Jan 19 18:42:12 EST 2019	36.32425		https://requester.mturk.com/mturk/manageHIT?HITId=3ZTE0JGGCE20U81SWFSKJ8XKU9EOCY	psychology cognitive science research yale university fun thinking	"[{""trial_num"": 1, ""target"": ""0""}, {""trial_num"": 2, ""target"": 0}, {""trial_num"": 3, ""target"": ""1""}, {""trial_num"": 4, ""target"": 1}, {""exclusion_num"": 1, ""target"": ""right""}, {""exclusion_num"": 2, ""target"": ""equal""}]"	3600	Play a simple cooperation game (please only do this HIT once!)			Submitted	Sun Jan 20 18:42:12 EST 2019	0	Guess what someone else is trying to tell you	39DD6S19JQLTDUX7KHEXEEZCE8RZES	"{""condition"":""incongruent"",""first_side"":""right"",""second_side"":""left"",""first_object"":""books"",""second_object"":""cinderblocks"",""doors"":""open""}"	Sat Jan 19 18:42:18 EST 2019	0	0	Sat Jan 19 19:31:40 EST 2019	1 cond	"{""language"":""English"",""enjoyment"":""2"",""asses"":""Yes"",""age"":""49"",""gender"":""Male"",""education"":""4"",""problems"":"""",""fairprice"":""50 cents"",""comments"":""""}"	NotReviewed	Sun Jan 20 19:31:40 EST 2019	Reviewable	86400	3LC6UUY7PQL2LVO0ZUEVD0WV151DDM		$0.30	3ZTE0JGGCE20U81SWFSKJ8XKU9EOCY
	4	3	"{""Browser"":""Chrome"",""OS"":""Windows"",""screenH"":864,""screenW"":1536}"	Sat Jan 19 18:42:12 EST 2019	2.3371666666666666		https://requester.mturk.com/mturk/manageHIT?HITId=3ZTE0JGGCE20U81SWFSKJ8XKU9EOCY	psychology cognitive science research yale university fun thinking	"[{""trial_num"": 1, ""target"": ""0""}, {""trial_num"": 2, ""target"": 0.98}, {""trial_num"": 3, ""target"": ""0""}, {""trial_num"": 4, ""target"": 0.98}, {""exclusion_num"": 1, ""target"": ""right""}, {""exclusion_num"": 2, ""target"": ""left""}]"	3600	Play a simple cooperation game (please only do this HIT once!)			Submitted	Sun Jan 20 18:42:12 EST 2019	0	Guess what someone else is trying to tell you	3KV0LJBBH3VINR3TRY835J2MET3MRF	"{""condition"":""incongruent"",""first_side"":""right"",""second_side"":""left"",""first_object"":""books"",""second_object"":""cinderblocks"",""doors"":""open""}"	Sat Jan 19 19:41:34 EST 2019	0	0	Sat Jan 19 20:13:33 EST 2019	1 cond	"{""language"":""english"",""enjoyment"":""2"",""asses"":""No"",""age"":""38"",""gender"":""Female"",""education"":""3"",""problems"":""no"",""fairprice"":""low"",""comments"":""""}"	NotReviewed	Sun Jan 20 20:13:33 EST 2019	Reviewable	86400	3LC6UUY7PQL2LVO0ZUEVD0WV151DDM		$0.30	3ZTE0JGGCE20U81SWFSKJ8XKU9EOCY
	3	0	"{""Browser"":""Chrome"",""OS"":""Windows"",""screenH"":768,""screenW"":1366}"	Sat Jan 19 18:42:17 EST 2019	2.09295		https://requester.mturk.com/mturk/manageHIT?HITId=31N9JPQXIPS9TVCWHS68FAUVHREHNL	psychology cognitive science research yale university fun thinking	"[{""trial_num"": 1, ""target"": ""0""}, {""trial_num"": 2, ""target"": 0.52}, {""trial_num"": 3, ""target"": ""1""}, {""trial_num"": 4, ""target"": 0.5}, {""exclusion_num"": 1, ""target"": ""right""}, {""exclusion_num"": 2, ""target"": ""left""}]"	3600	Play a simple cooperation game (please only do this HIT once!)			Submitted	Sun Jan 20 18:42:17 EST 2019	0	Guess what someone else is trying to tell you	3R6P78PK7LLVBWKZKKF3STJ76SLGTB	"{""condition"":""incongruent"",""first_side"":""right"",""second_side"":""left"",""first_object"":""books"",""second_object"":""rulers"",""doors"":""open""}"	Sat Jan 19 18:42:21 EST 2019	0	0	Sat Jan 19 18:46:01 EST 2019	1 cond	"{""language"":""English"",""enjoyment"":""1"",""asses"":""Yes"",""age"":""42"",""gender"":""Female"",""education"":""2"",""problems"":"""",""fairprice"":""0.50"",""comments"":""""}"	NotReviewed	Sun Jan 20 18:46:01 EST 2019	Reviewable	86400	3LC6UUY7PQL2LVO0ZUEVD0WV151DDM		$0.30	31N9JPQXIPS9TVCWHS68FAUVHREHNL
	3	1	"{""Browser"":""Chrome"",""OS"":""Windows"",""screenH"":768,""screenW"":1366}"	Sat Jan 19 18:42:17 EST 2019	11.8748		https://requester.mturk.com/mturk/manageHIT?HITId=31N9JPQXIPS9TVCWHS68FAUVHREHNL	psychology cognitive science research yale university fun thinking	"[{""trial_num"": 1, ""target"": ""1""}, {""trial_num"": 2, ""target"": 0.34}, {""trial_num"": 3, ""target"": ""1""}, {""trial_num"": 4, ""target"": 0.4}, {""exclusion_num"": 1, ""target"": ""right""}, {""exclusion_num"": 2, ""target"": ""left""}]"	3600	Play a simple cooperation game (please only do this HIT once!)			Submitted	Sun Jan 20 18:42:17 EST 2019	0	Guess what someone else is trying to tell you	351SEKWQS1ROMHKO9XDJ0ULIZS9MD6	"{""condition"":""incongruent"",""first_side"":""right"",""second_side"":""left"",""first_object"":""books"",""second_object"":""rulers"",""doors"":""open""}"	Sat Jan 19 18:42:28 EST 2019	0	0	Sat Jan 19 18:54:29 EST 2019	1 cond	"{""language"":""english"",""enjoyment"":""1"",""asses"":""Yes"",""age"":""51"",""gender"":""Female"",""education"":""3"",""problems"":""no"",""fairprice"":""no"",""comments"":""""}"	NotReviewed	Sun Jan 20 18:54:29 EST 2019	Reviewable	86400	3LC6UUY7PQL2LVO0ZUEVD0WV151DDM		$0.30	31N9JPQXIPS9TVCWHS68FAUVHREHNL
	3	2	"{""Browser"":""Chrome"",""OS"":""Windows"",""screenH"":768,""screenW"":1366}"	Sat Jan 19 18:42:17 EST 2019	1.8199		https://requester.mturk.com/mturk/manageHIT?HITId=31N9JPQXIPS9TVCWHS68FAUVHREHNL	psychology cognitive science research yale university fun thinking	"[{""trial_num"": 1, ""target"": ""1""}, {""trial_num"": 2, ""target"": 0.89}, {""trial_num"": 3, ""target"": ""1""}, {""trial_num"": 4, ""target"": 0.25}, {""exclusion_num"": 1, ""target"": ""right""}, {""exclusion_num"": 2, ""target"": ""equal""}]"	3600	Play a simple cooperation game (please only do this HIT once!)			Submitted	Sun Jan 20 18:42:17 EST 2019	0	Guess what someone else is trying to tell you	3VP0C6EFSH6P1859ZA55UOBQI6P6M1	"{""condition"":""incongruent"",""first_side"":""right"",""second_side"":""right"",""first_object"":""books"",""second_object"":""rulers"",""doors"":""open""}"	Sat Jan 19 19:34:37 EST 2019	0	0	Sat Jan 19 19:40:44 EST 2019	1 cond	"{""language"":""english"",""enjoyment"":""2"",""asses"":""Yes"",""age"":""29"",""gender"":""Female"",""education"":""3"",""problems"":""no"",""fairprice"":"".30"",""comments"":""""}"	NotReviewed	Sun Jan 20 19:40:44 EST 2019	Reviewable	86400	3LC6UUY7PQL2LVO0ZUEVD0WV151DDM		$0.30	31N9JPQXIPS9TVCWHS68FAUVHREHNL
	4	0	"{""Browser"":""Chrome"",""OS"":""Windows"",""screenH"":768,""screenW"":1366}"	Sat Jan 19 18:42:23 EST 2019	4.951366666666667		https://requester.mturk.com/mturk/manageHIT?HITId=3566S7OX5DT9MZZVZWMYRQSY0ND711	psychology cognitive science research yale university fun thinking	"[{""trial_num"": 1, ""target"": ""0""}, {""trial_num"": 2, ""target"": 0.67}, {""trial_num"": 3, ""target"": ""0""}, {""trial_num"": 4, ""target"": 0.65}, {""exclusion_num"": 1, ""target"": ""right""}, {""exclusion_num"": 2, ""target"": ""equal""}]"	3600	Play a simple cooperation game (please only do this HIT once!)			Submitted	Sun Jan 20 18:42:23 EST 2019	0	Guess what someone else is trying to tell you	3WRFBPLXRBYWM73RS9M700O6D5V3NQ	"{""condition"":""incongruent"",""first_side"":""right"",""second_side"":""left"",""first_object"":""chair"",""second_object"":""books"",""doors"":""open""}"	Sat Jan 19 18:52:01 EST 2019	0	0	Sat Jan 19 18:58:02 EST 2019	1 cond	"{""language"":""english"",""enjoyment"":""2"",""asses"":""Yes"",""age"":""34"",""gender"":""Female"",""education"":""2"",""problems"":""no"",""fairprice"":""yes"",""comments"":""""}"	NotReviewed	Sun Jan 20 18:58:02 EST 2019	Reviewable	86400	3LC6UUY7PQL2LVO0ZUEVD0WV151DDM		$0.30	3566S7OX5DT9MZZVZWMYRQSY0ND711
	4	1	"{""Browser"":""Chrome"",""OS"":""Windows"",""screenH"":1152,""screenW"":2048}"	Sat Jan 19 18:42:23 EST 2019	2.709		https://requester.mturk.com/mturk/manageHIT?HITId=3566S7OX5DT9MZZVZWMYRQSY0ND711	psychology cognitive science research yale university fun thinking	"[{""trial_num"": 1, ""target"": ""1""}, {""trial_num"": 2, ""target"": 0.98}, {""trial_num"": 3, ""target"": ""1""}, {""trial_num"": 4, ""target"": 0.99}, {""exclusion_num"": 1, ""target"": ""right""}, {""exclusion_num"": 2, ""target"": ""equal""}]"	3600	Play a simple cooperation game (please only do this HIT once!)			Submitted	Sun Jan 20 18:42:23 EST 2019	0	Guess what someone else is trying to tell you	3EFVCAY5L4JM4EICPSPBYAF0K7JJ8V	"{""condition"":""incongruent"",""first_side"":""right"",""second_side"":""right"",""first_object"":""chair"",""second_object"":""books"",""doors"":""open""}"	Sat Jan 19 19:28:14 EST 2019	0	0	Sat Jan 19 19:31:12 EST 2019	1 cond	"{""language"":""English"",""enjoyment"":""2"",""asses"":""Yes"",""age"":""39"",""gender"":""Female"",""education"":""3"",""problems"":"""",""fairprice"":""Yes"",""comments"":""Simple HIT.""}"	NotReviewed	Sun Jan 20 19:31:12 EST 2019	Reviewable	86400	3LC6UUY7PQL2LVO0ZUEVD0WV151DDM		$0.30	3566S7OX5DT9MZZVZWMYRQSY0ND711
	4	2	"{""Browser"":""Chrome"",""OS"":""Windows"",""screenH"":1080,""screenW"":1920}"	Sat Jan 19 18:42:23 EST 2019	1.7369666666666668		https://requester.mturk.com/mturk/manageHIT?HITId=3566S7OX5DT9MZZVZWMYRQSY0ND711	psychology cognitive science research yale university fun thinking	"[{""trial_num"": 1, ""target"": ""0""}, {""trial_num"": 2, ""target"": 0.92}, {""trial_num"": 3, ""target"": ""0""}, {""trial_num"": 4, ""target"": 0.69}, {""exclusion_num"": 1, ""target"": ""right""}, {""exclusion_num"": 2, ""target"": ""equal""}]"	3600	Play a simple cooperation game (please only do this HIT once!)			Submitted	Sun Jan 20 18:42:23 EST 2019	0	Guess what someone else is trying to tell you	3CPLWGV3MP9I19S79INHRDRSDX59ND	"{""condition"":""incongruent"",""first_side"":""right"",""second_side"":""right"",""first_object"":""chair"",""second_object"":""books"",""doors"":""open""}"	Sat Jan 19 19:01:39 EST 2019	0	0	Sat Jan 19 19:52:08 EST 2019	1 cond	"{""language"":""english"",""enjoyment"":""2"",""asses"":""Yes"",""age"":""38"",""gender"":""Male"",""education"":""3"",""problems"":"""",""fairprice"":""yes"",""comments"":""""}"	NotReviewed	Sun Jan 20 19:52:08 EST 2019	Reviewable	86400	3LC6UUY7PQL2LVO0ZUEVD0WV151DDM		$0.30	3566S7OX5DT9MZZVZWMYRQSY0ND711
	4	3	"{""Browser"":""Chrome"",""OS"":""Windows"",""screenH"":1200,""screenW"":1920}"	Sat Jan 19 18:42:23 EST 2019	1.734		https://requester.mturk.com/mturk/manageHIT?HITId=3566S7OX5DT9MZZVZWMYRQSY0ND711	psychology cognitive science research yale university fun thinking	"[{""trial_num"": 1, ""target"": ""1""}, {""trial_num"": 2, ""target"": 0.84}, {""trial_num"": 3, ""target"": ""1""}, {""trial_num"": 4, ""target"": 0.14}, {""exclusion_num"": 1, ""target"": ""right""}, {""exclusion_num"": 2, ""target"": ""equal""}]"	3600	Play a simple cooperation game (please only do this HIT once!)			Submitted	Sun Jan 20 18:42:23 EST 2019	0	Guess what someone else is trying to tell you	3NPI0JQDAPF1O9DYN35QM2XZ7JETPY	"{""condition"":""incongruent"",""first_side"":""right"",""second_side"":""left"",""first_object"":""chair"",""second_object"":""books"",""doors"":""open""}"	Sat Jan 19 20:47:39 EST 2019	0	0	Sat Jan 19 20:49:26 EST 2019	1 cond	"{""language"":""english"",""enjoyment"":""2"",""asses"":""Yes"",""age"":""29"",""gender"":""Male"",""education"":""2"",""problems"":"""",""fairprice"":"".30"",""comments"":""""}"	NotReviewed	Sun Jan 20 20:49:26 EST 2019	Reviewable	86400	3LC6UUY7PQL2LVO0ZUEVD0WV151DDM		$0.30	3566S7OX5DT9MZZVZWMYRQSY0ND711
	3	0	"{""Browser"":""Safari"",""OS"":""iPhone/iPod"",""screenH"":812,""screenW"":375}"	Sat Jan 19 18:42:28 EST 2019	2.3549		https://requester.mturk.com/mturk/manageHIT?HITId=391JB9X4ZYIUD3S4BCU5FNLN4I8MKU	psychology cognitive science research yale university fun thinking	"[{""trial_num"": 1, ""target"": ""1""}, {""trial_num"": 2, ""target"": 0.78}, {""trial_num"": 3, ""target"": ""0""}, {""trial_num"": 4, ""target"": 0.37}, {""exclusion_num"": 1, ""target"": ""left""}, {""exclusion_num"": 2, ""target"": ""equal""}]"	3600	Play a simple cooperation game (please only do this HIT once!)			Submitted	Sun Jan 20 18:42:28 EST 2019	0	Guess what someone else is trying to tell you	3YZ8UPK3VUWXUXJJI39U7YKURE0UC6	"{""condition"":""incongruent"",""first_side"":""left"",""second_side"":""left"",""first_object"":""chair"",""second_object"":""cinderblocks"",""doors"":""open""}"	Sat Jan 19 18:43:40 EST 2019	0	0	Sat Jan 19 18:46:07 EST 2019	1 cond	"{""language"":""English"",""enjoyment"":""1"",""asses"":""Yes"",""age"":""29"",""gender"":""Female"",""education"":""3"",""problems"":""No"",""fairprice"":"".30"",""comments"":""""}"	NotReviewed	Sun Jan 20 18:46:07 EST 2019	Reviewable	86400	3LC6UUY7PQL2LVO0ZUEVD0WV151DDM		$0.30	391JB9X4ZYIUD3S4BCU5FNLN4I8MKU
	3	1	"{""Browser"":""Firefox"",""OS"":""Mac"",""screenH"":1005,""screenW"":1608}"	Sat Jan 19 18:42:28 EST 2019	1.5853833333333334		https://requester.mturk.com/mturk/manageHIT?HITId=391JB9X4ZYIUD3S4BCU5FNLN4I8MKU	psychology cognitive science research yale university fun thinking	"[{""trial_num"": 1, ""target"": ""1""}, {""trial_num"": 2, ""target"": 1}, {""trial_num"": 3, ""target"": ""1""}, {""trial_num"": 4, ""target"": 0.5}, {""exclusion_num"": 1, ""target"": ""right""}, {""exclusion_num"": 2, ""target"": ""left""}]"	3600	Play a simple cooperation game (please only do this HIT once!)			Submitted	Sun Jan 20 18:42:28 EST 2019	0	Guess what someone else is trying to tell you	3PIWWX1FJKGBOVEVGWM2N0OE0IBJJD	"{""condition"":""incongruent"",""first_side"":""right"",""second_side"":""right"",""first_object"":""chair"",""second_object"":""cinderblocks"",""doors"":""open""}"	Sat Jan 19 18:42:37 EST 2019	0	0	Sat Jan 19 19:36:02 EST 2019	1 cond	"{""language"":""English"",""enjoyment"":""2"",""asses"":""Yes"",""age"":""33"",""gender"":""Male"",""education"":""1"",""problems"":""no"",""fairprice"":"".30"",""comments"":""""}"	NotReviewed	Sun Jan 20 19:36:02 EST 2019	Reviewable	86400	3LC6UUY7PQL2LVO0ZUEVD0WV151DDM		$0.30	391JB9X4ZYIUD3S4BCU5FNLN4I8MKU
	3	2	"{""Browser"":""Firefox"",""OS"":""Windows"",""screenH"":1440,""screenW"":2560}"	Sat Jan 19 18:42:28 EST 2019	2.4341666666666666		https://requester.mturk.com/mturk/manageHIT?HITId=391JB9X4ZYIUD3S4BCU5FNLN4I8MKU	psychology cognitive science research yale university fun thinking	"[{""trial_num"": 1, ""target"": ""1""}, {""trial_num"": 2, ""target"": 0.82}, {""trial_num"": 3, ""target"": ""1""}, {""trial_num"": 4, ""target"": 1}, {""exclusion_num"": 1, ""target"": ""right""}, {""exclusion_num"": 2, ""target"": ""equal""}]"	3600	Play a simple cooperation game (please only do this HIT once!)			Submitted	Sun Jan 20 18:42:28 EST 2019	0	Guess what someone else is trying to tell you	3ZGVPD4G6URV2DF4AC3SD0ZDHJOTZO	"{""condition"":""incongruent"",""first_side"":""right"",""second_side"":""left"",""first_object"":""chair"",""second_object"":""cinderblocks"",""doors"":""open""}"	Sat Jan 19 21:54:44 EST 2019	0	0	Sat Jan 19 21:57:25 EST 2019	1 cond	"{""language"":""English"",""enjoyment"":""2"",""asses"":""Yes"",""age"":""25"",""gender"":""Male"",""education"":""2"",""problems"":""No."",""fairprice"":""$.40"",""comments"":""Quick and simple, but made me think a little bit. Definitely better than a lot of other HITs that can be found on MTurk. Thank you.""}"	NotReviewed	Sun Jan 20 21:57:25 EST 2019	Reviewable	86400	3LC6UUY7PQL2LVO0ZUEVD0WV151DDM		$0.30	391JB9X4ZYIUD3S4BCU5FNLN4I8MKU
	3	0	"{""Browser"":""Chrome"",""OS"":""Windows"",""screenH"":768,""screenW"":1366}"	Sat Jan 19 18:42:34 EST 2019	2.9550833333333335		https://requester.mturk.com/mturk/manageHIT?HITId=3R16PJFTS31E9D3Y58U9TT4NIRNK4X	psychology cognitive science research yale university fun thinking	"[{""trial_num"": 1, ""target"": ""1""}, {""trial_num"": 2, ""target"": 0.48}, {""trial_num"": 3, ""target"": ""0""}, {""trial_num"": 4, ""target"": 0.26}, {""exclusion_num"": 1, ""target"": ""left""}, {""exclusion_num"": 2, ""target"": ""equal""}]"	3600	Play a simple cooperation game (please only do this HIT once!)			Submitted	Sun Jan 20 18:42:34 EST 2019	0	Guess what someone else is trying to tell you	3C8HJ7UOP84RPIPK1F2GRM4LNAIZMH	"{""condition"":""incongruent"",""first_side"":""right"",""second_side"":""left"",""first_object"":""chair"",""second_object"":""rulers"",""doors"":""open""}"	Sat Jan 19 18:42:54 EST 2019	0	0	Sat Jan 19 18:45:58 EST 2019	1 cond	"{""language"":""english"",""enjoyment"":""2"",""asses"":""Yes"",""age"":""24"",""gender"":""Male"",""education"":""1"",""problems"":""There was no problems at all. "",""fairprice"":""1"",""comments"":""No comments at all. ""}"	NotReviewed	Sun Jan 20 18:45:58 EST 2019	Reviewable	86400	3LC6UUY7PQL2LVO0ZUEVD0WV151DDM		$0.30	3R16PJFTS31E9D3Y58U9TT4NIRNK4X
	3	1	"{""Browser"":""Chrome"",""OS"":""Windows"",""screenH"":900,""screenW"":1600}"	Sat Jan 19 18:42:34 EST 2019	3.150533333333333		https://requester.mturk.com/mturk/manageHIT?HITId=3R16PJFTS31E9D3Y58U9TT4NIRNK4X	psychology cognitive science research yale university fun thinking	"[{""trial_num"": 1, ""target"": ""1""}, {""trial_num"": 2, ""target"": 0.54}, {""trial_num"": 3, ""target"": ""0""}, {""trial_num"": 4, ""target"": 0.65}, {""exclusion_num"": 1, ""target"": ""left""}, {""exclusion_num"": 2, ""target"": ""equal""}]"	3600	Play a simple cooperation game (please only do this HIT once!)			Submitted	Sun Jan 20 18:42:34 EST 2019	0	Guess what someone else is trying to tell you	3XM0HYN6NL9ZZQV1X8GVNGXY49LPEY	"{""condition"":""incongruent"",""first_side"":""left"",""second_side"":""right"",""first_object"":""chair"",""second_object"":""rulers"",""doors"":""open""}"	Sat Jan 19 18:43:55 EST 2019	0	0	Sat Jan 19 18:47:07 EST 2019	1 cond	"{""language"":""Russian, English"",""enjoyment"":""2"",""asses"":""Yes"",""age"":""27"",""gender"":""Female"",""education"":""3"",""problems"":""No"",""fairprice"":"".20-.30"",""comments"":""""}"	NotReviewed	Sun Jan 20 18:47:07 EST 2019	Reviewable	86400	3LC6UUY7PQL2LVO0ZUEVD0WV151DDM		$0.30	3R16PJFTS31E9D3Y58U9TT4NIRNK4X
	3	2	"{""Browser"":""Chrome"",""OS"":""Windows"",""screenH"":1000,""screenW"":1500}"	Sat Jan 19 18:42:34 EST 2019	3.6137166666666665		https://requester.mturk.com/mturk/manageHIT?HITId=3R16PJFTS31E9D3Y58U9TT4NIRNK4X	psychology cognitive science research yale university fun thinking	"[{""trial_num"": 1, ""target"": ""0""}, {""trial_num"": 2, ""target"": 0.69}, {""trial_num"": 3, ""target"": ""1""}, {""trial_num"": 4, ""target"": 0.68}, {""exclusion_num"": 1, ""target"": ""right""}, {""exclusion_num"": 2, ""target"": ""equal""}]"	3600	Play a simple cooperation game (please only do this HIT once!)			Submitted	Sun Jan 20 18:42:34 EST 2019	0	Guess what someone else is trying to tell you	3EO896NRAX552YA0SQ06P6BNYK2JTI	"{""condition"":""incongruent"",""first_side"":""right"",""second_side"":""left"",""first_object"":""chair"",""second_object"":""rulers"",""doors"":""open""}"	Sat Jan 19 19:13:36 EST 2019	0	0	Sat Jan 19 19:27:13 EST 2019	1 cond	"{""language"":""English"",""enjoyment"":""2"",""asses"":""Yes"",""age"":""35"",""gender"":""Male"",""education"":""3"",""problems"":""No problems or bugs. "",""fairprice"":"".50"",""comments"":""I enjoyed the hit, wish it payed more and there were more available. ""}"	NotReviewed	Sun Jan 20 19:27:13 EST 2019	Reviewable	86400	3LC6UUY7PQL2LVO0ZUEVD0WV151DDM		$0.30	3R16PJFTS31E9D3Y58U9TT4NIRNK4X
	3	0	"{""Browser"":""Chrome"",""OS"":""Mac"",""screenH"":800,""screenW"":1280}"	Sat Jan 19 18:42:40 EST 2019	1.54435		https://requester.mturk.com/mturk/manageHIT?HITId=31SIZS5W59P7LM3RTPAJX8R69BZQRE	psychology cognitive science research yale university fun thinking	"[{""trial_num"": 1, ""target"": ""1""}, {""trial_num"": 2, ""target"": 0.99}, {""trial_num"": 3, ""target"": ""0""}, {""trial_num"": 4, ""target"": 0.5}, {""exclusion_num"": 1, ""target"": ""left""}, {""exclusion_num"": 2, ""target"": ""equal""}]"	3600	Play a simple cooperation game (please only do this HIT once!)			Submitted	Sun Jan 20 18:42:40 EST 2019	0	Guess what someone else is trying to tell you	3TOK3KHVJUSW5B4QV0PAS60R8HL7OD	"{""condition"":""incongruent"",""first_side"":""left"",""second_side"":""left"",""first_object"":""cinderblocks"",""second_object"":""books"",""doors"":""open""}"	Sat Jan 19 18:42:48 EST 2019	0	0	Sat Jan 19 18:44:24 EST 2019	1 cond	"{""language"":""english"",""enjoyment"":""2"",""asses"":""Yes"",""age"":""38"",""gender"":""Female"",""education"":""2"",""problems"":""no"",""fairprice"":"".50"",""comments"":""""}"	NotReviewed	Sun Jan 20 18:44:24 EST 2019	Reviewable	86400	3LC6UUY7PQL2LVO0ZUEVD0WV151DDM		$0.30	31SIZS5W59P7LM3RTPAJX8R69BZQRE
	3	1	"{""Browser"":""Chrome"",""OS"":""Mac"",""screenH"":900,""screenW"":1440}"	Sat Jan 19 18:42:40 EST 2019	1.8514		https://requester.mturk.com/mturk/manageHIT?HITId=31SIZS5W59P7LM3RTPAJX8R69BZQRE	psychology cognitive science research yale university fun thinking	"[{""trial_num"": 1, ""target"": ""1""}, {""trial_num"": 2, ""target"": 0.98}, {""trial_num"": 3, ""target"": ""1""}, {""trial_num"": 4, ""target"": 0.34}, {""exclusion_num"": 1, ""target"": ""right""}, {""exclusion_num"": 2, ""target"": ""equal""}]"	3600	Play a simple cooperation game (please only do this HIT once!)			Submitted	Sun Jan 20 18:42:40 EST 2019	0	Guess what someone else is trying to tell you	386PBUZZXG7HJL2VJHYF3F1647GJLF	"{""condition"":""incongruent"",""first_side"":""right"",""second_side"":""left"",""first_object"":""cinderblocks"",""second_object"":""books"",""doors"":""open""}"	Sat Jan 19 18:42:48 EST 2019	0	0	Sat Jan 19 18:45:04 EST 2019	1 cond	"{""language"":""English"",""enjoyment"":""2"",""asses"":""Yes"",""age"":""40"",""gender"":""Female"",""education"":""4"",""problems"":""no - everything worked"",""fairprice"":""0.30"",""comments"":""n/a""}"	NotReviewed	Sun Jan 20 18:45:04 EST 2019	Reviewable	86400	3LC6UUY7PQL2LVO0ZUEVD0WV151DDM		$0.30	31SIZS5W59P7LM3RTPAJX8R69BZQRE
	3	2	"{""Browser"":""Chrome"",""OS"":""Windows"",""screenH"":768,""screenW"":1366}"	Sat Jan 19 18:42:40 EST 2019	2.8085833333333334		https://requester.mturk.com/mturk/manageHIT?HITId=31SIZS5W59P7LM3RTPAJX8R69BZQRE	psychology cognitive science research yale university fun thinking	"[{""trial_num"": 1, ""target"": ""1""}, {""trial_num"": 2, ""target"": 0.81}, {""trial_num"": 3, ""target"": ""0""}, {""trial_num"": 4, ""target"": 0.49}, {""exclusion_num"": 1, ""target"": ""left""}, {""exclusion_num"": 2, ""target"": ""equal""}]"	3600	Play a simple cooperation game (please only do this HIT once!)			Submitted	Sun Jan 20 18:42:40 EST 2019	0	Guess what someone else is trying to tell you	3IKZ72A5B5QR2JJKC4N919D3GVZFNA	"{""condition"":""incongruent"",""first_side"":""left"",""second_side"":""right"",""first_object"":""cinderblocks"",""second_object"":""books"",""doors"":""open""}"	Sat Jan 19 18:43:58 EST 2019	0	0	Sat Jan 19 18:47:20 EST 2019	1 cond	"{""language"":""english"",""enjoyment"":""2"",""asses"":""Yes"",""age"":""44"",""gender"":""Female"",""education"":""2"",""problems"":""no"",""fairprice"":"".30"",""comments"":""none""}"	NotReviewed	Sun Jan 20 18:47:20 EST 2019	Reviewable	86400	3LC6UUY7PQL2LVO0ZUEVD0WV151DDM		$0.30	31SIZS5W59P7LM3RTPAJX8R69BZQRE
	3	0	"{""Browser"":""Firefox"",""OS"":""Windows"",""screenH"":900,""screenW"":1600}"	Sat Jan 19 18:42:47 EST 2019	1.8990333333333334		https://requester.mturk.com/mturk/manageHIT?HITId=3KA7IJSNW6FZ53LNXF94XOWSMTABPV	psychology cognitive science research yale university fun thinking	"[{""trial_num"": 1, ""target"": ""1""}, {""trial_num"": 2, ""target"": 1}, {""trial_num"": 3, ""target"": ""0""}, {""trial_num"": 4, ""target"": 0.48}, {""exclusion_num"": 1, ""target"": ""left""}, {""exclusion_num"": 2, ""target"": ""right""}]"	3600	Play a simple cooperation game (please only do this HIT once!)			Submitted	Sun Jan 20 18:42:47 EST 2019	0	Guess what someone else is trying to tell you	3NPFYT4IZDE2SDTJPUG0HW4DJO9GXU	"{""condition"":""incongruent"",""first_side"":""left"",""second_side"":""right"",""first_object"":""cinderblocks"",""second_object"":""chair"",""doors"":""open""}"	Sat Jan 19 18:42:56 EST 2019	0	0	Sat Jan 19 18:44:53 EST 2019	1 cond	"{""language"":""English"",""enjoyment"":""2"",""asses"":""Yes"",""age"":""54"",""gender"":""Female"",""education"":""3"",""problems"":""no"",""fairprice"":""yes"",""comments"":""""}"	NotReviewed	Sun Jan 20 18:44:53 EST 2019	Reviewable	86400	3LC6UUY7PQL2LVO0ZUEVD0WV151DDM		$0.30	3KA7IJSNW6FZ53LNXF94XOWSMTABPV
	3	1	"{""Browser"":""Chrome"",""OS"":""Mac"",""screenH"":900,""screenW"":1440}"	Sat Jan 19 18:42:47 EST 2019	3.2388		https://requester.mturk.com/mturk/manageHIT?HITId=3KA7IJSNW6FZ53LNXF94XOWSMTABPV	psychology cognitive science research yale university fun thinking	"[{""trial_num"": 1, ""target"": ""1""}, {""trial_num"": 2, ""target"": 0.62}, {""trial_num"": 3, ""target"": ""0""}, {""trial_num"": 4, ""target"": 0.18}, {""exclusion_num"": 1, ""target"": ""left""}, {""exclusion_num"": 2, ""target"": ""equal""}]"	3600	Play a simple cooperation game (please only do this HIT once!)			Submitted	Sun Jan 20 18:42:47 EST 2019	0	Guess what someone else is trying to tell you	31LM9EDVOM277L5GVUEUG75V92GJNH	"{""condition"":""incongruent"",""first_side"":""left"",""second_side"":""right"",""first_object"":""cinderblocks"",""second_object"":""chair"",""doors"":""open""}"	Sat Jan 19 18:42:54 EST 2019	0	0	Sat Jan 19 18:46:13 EST 2019	1 cond	"{""language"":""english"",""enjoyment"":""1"",""asses"":""Yes"",""age"":""29"",""gender"":""Male"",""education"":""3"",""problems"":""no"",""fairprice"":""$0.75"",""comments"":""""}"	NotReviewed	Sun Jan 20 18:46:13 EST 2019	Reviewable	86400	3LC6UUY7PQL2LVO0ZUEVD0WV151DDM		$0.30	3KA7IJSNW6FZ53LNXF94XOWSMTABPV
	3	2	"{""Browser"":""Firefox"",""OS"":""Windows"",""screenH"":825,""screenW"":1467}"	Sat Jan 19 18:42:47 EST 2019	2.19365		https://requester.mturk.com/mturk/manageHIT?HITId=3KA7IJSNW6FZ53LNXF94XOWSMTABPV	psychology cognitive science research yale university fun thinking	"[{""trial_num"": 1, ""target"": ""1""}, {""trial_num"": 2, ""target"": 0.97}, {""trial_num"": 3, ""target"": ""0""}, {""trial_num"": 4, ""target"": 0.19}, {""exclusion_num"": 1, ""target"": ""right""}, {""exclusion_num"": 2, ""target"": ""equal""}]"	3600	Play a simple cooperation game (please only do this HIT once!)			Submitted	Sun Jan 20 18:42:47 EST 2019	0	Guess what someone else is trying to tell you	3ZSY5X72NYL6NUO54ENGXNRR9TFROW	"{""condition"":""incongruent"",""first_side"":""right"",""second_side"":""left"",""first_object"":""cinderblocks"",""second_object"":""chair"",""doors"":""open""}"	Sat Jan 19 18:43:59 EST 2019	0	0	Sat Jan 19 18:46:13 EST 2019	1 cond	"{""language"":""english"",""enjoyment"":""1"",""asses"":""Yes"",""age"":""51"",""gender"":""Female"",""education"":""4"",""problems"":"""",""fairprice"":"".30"",""comments"":""""}"	NotReviewed	Sun Jan 20 18:46:13 EST 2019	Reviewable	86400	3LC6UUY7PQL2LVO0ZUEVD0WV151DDM		$0.30	3KA7IJSNW6FZ53LNXF94XOWSMTABPV
	4	0	"{""Browser"":""Chrome"",""OS"":""Linux"",""screenH"":853,""screenW"":1517}"	Sat Jan 19 18:42:52 EST 2019	1.59845		https://requester.mturk.com/mturk/manageHIT?HITId=3UV0D2KX1MT3TRBK4X3CDGCIAV64FF	psychology cognitive science research yale university fun thinking	"[{""trial_num"": 1, ""target"": ""1""}, {""trial_num"": 2, ""target"": 0.95}, {""trial_num"": 3, ""target"": ""1""}, {""trial_num"": 4, ""target"": 0.92}, {""exclusion_num"": 1, ""target"": ""right""}, {""exclusion_num"": 2, ""target"": ""left""}]"	3600	Play a simple cooperation game (please only do this HIT once!)			Submitted	Sun Jan 20 18:42:52 EST 2019	0	Guess what someone else is trying to tell you	36DSNE9QZ68PP65SW9E7VW50ZCLJOW	"{""condition"":""incongruent"",""first_side"":""right"",""second_side"":""left"",""first_object"":""cinderblocks"",""second_object"":""rulers"",""doors"":""open""}"	Sat Jan 19 18:42:55 EST 2019	0	0	Sat Jan 19 18:44:34 EST 2019	1 cond	"{""language"":""english"",""enjoyment"":""2"",""asses"":""Yes"",""age"":""36"",""gender"":""Female"",""education"":""2"",""problems"":""no"",""fairprice"":""yes"",""comments"":""""}"	NotReviewed	Sun Jan 20 18:44:34 EST 2019	Reviewable	86400	3LC6UUY7PQL2LVO0ZUEVD0WV151DDM		$0.30	3UV0D2KX1MT3TRBK4X3CDGCIAV64FF
	4	1	"{""Browser"":""Chrome"",""OS"":""Windows"",""screenH"":1080,""screenW"":1920}"	Sat Jan 19 18:42:52 EST 2019	1.9119666666666666		https://requester.mturk.com/mturk/manageHIT?HITId=3UV0D2KX1MT3TRBK4X3CDGCIAV64FF	psychology cognitive science research yale university fun thinking	"[{""trial_num"": 1, ""target"": ""1""}, {""trial_num"": 2, ""target"": 0.84}, {""trial_num"": 3, ""target"": ""1""}, {""trial_num"": 4, ""target"": 0.58}, {""exclusion_num"": 1, ""target"": ""right""}, {""exclusion_num"": 2, ""target"": ""equal""}]"	3600	Play a simple cooperation game (please only do this HIT once!)			Submitted	Sun Jan 20 18:42:52 EST 2019	0	Guess what someone else is trying to tell you	3R5F3LQFV3UFPLAWEVHTJQTQIAXZOW	"{""condition"":""incongruent"",""first_side"":""left"",""second_side"":""left"",""first_object"":""cinderblocks"",""second_object"":""rulers"",""doors"":""open""}"	Sat Jan 19 18:43:22 EST 2019	0	0	Sat Jan 19 18:45:20 EST 2019	1 cond	"{""language"":""English"",""enjoyment"":""2"",""asses"":""Yes"",""age"":""44"",""gender"":""Male"",""education"":""1"",""problems"":""Nope."",""fairprice"":"".33"",""comments"":""Nope.""}"	NotReviewed	Sun Jan 20 18:45:20 EST 2019	Reviewable	86400	3LC6UUY7PQL2LVO0ZUEVD0WV151DDM		$0.30	3UV0D2KX1MT3TRBK4X3CDGCIAV64FF
	4	2	"{""Browser"":""Chrome"",""OS"":""Windows"",""screenH"":800,""screenW"":1280}"	Sat Jan 19 18:42:52 EST 2019	5.3780166666666664		https://requester.mturk.com/mturk/manageHIT?HITId=3UV0D2KX1MT3TRBK4X3CDGCIAV64FF	psychology cognitive science research yale university fun thinking	"[{""trial_num"": 1, ""target"": ""1""}, {""trial_num"": 2, ""target"": 0.95}, {""trial_num"": 3, ""target"": ""1""}, {""trial_num"": 4, ""target"": 0.84}, {""exclusion_num"": 1, ""target"": ""right""}, {""exclusion_num"": 2, ""target"": ""left""}]"	3600	Play a simple cooperation game (please only do this HIT once!)			Submitted	Sun Jan 20 18:42:52 EST 2019	0	Guess what someone else is trying to tell you	3IJXV6UZ1YTWR8D26JABDQV5XKGRI1	"{""condition"":""incongruent"",""first_side"":""right"",""second_side"":""left"",""first_object"":""cinderblocks"",""second_object"":""rulers"",""doors"":""open""}"	Sat Jan 19 18:43:16 EST 2019	0	0	Sat Jan 19 18:49:23 EST 2019	1 cond	"{""language"":""English"",""enjoyment"":""1"",""asses"":""Yes"",""age"":""40"",""gender"":""Male"",""education"":""4"",""problems"":""None"",""fairprice"":""0.50"",""comments"":""Thank you!""}"	NotReviewed	Sun Jan 20 18:49:23 EST 2019	Reviewable	86400	3LC6UUY7PQL2LVO0ZUEVD0WV151DDM		$0.30	3UV0D2KX1MT3TRBK4X3CDGCIAV64FF
	4	3	"{""Browser"":""Chrome"",""OS"":""Windows"",""screenH"":1080,""screenW"":1920}"	Sat Jan 19 18:42:52 EST 2019	7.727783333333333		https://requester.mturk.com/mturk/manageHIT?HITId=3UV0D2KX1MT3TRBK4X3CDGCIAV64FF	psychology cognitive science research yale university fun thinking	"[{""trial_num"": 1, ""target"": ""1""}, {""trial_num"": 2, ""target"": 1}, {""trial_num"": 3, ""target"": ""1""}, {""trial_num"": 4, ""target"": 0.65}, {""exclusion_num"": 1, ""target"": ""left""}, {""exclusion_num"": 2, ""target"": ""equal""}]"	3600	Play a simple cooperation game (please only do this HIT once!)			Submitted	Sun Jan 20 18:42:52 EST 2019	0	Guess what someone else is trying to tell you	3ZWFC4W1UVHCHHBC5B4QATIDHSOFRY	"{""condition"":""incongruent"",""first_side"":""left"",""second_side"":""right"",""first_object"":""cinderblocks"",""second_object"":""rulers"",""doors"":""open""}"	Sat Jan 19 18:44:21 EST 2019	0	0	Sat Jan 19 19:31:51 EST 2019	1 cond	"{""language"":""English"",""enjoyment"":""2"",""asses"":""Yes"",""age"":""37"",""gender"":""Female"",""education"":""2"",""problems"":""No"",""fairprice"":""0.50"",""comments"":""""}"	NotReviewed	Sun Jan 20 19:31:51 EST 2019	Reviewable	86400	3LC6UUY7PQL2LVO0ZUEVD0WV151DDM		$0.30	3UV0D2KX1MT3TRBK4X3CDGCIAV64FF
	3	0	"{""Browser"":""Chrome"",""OS"":""Windows"",""screenH"":768,""screenW"":1366}"	Sat Jan 19 18:42:57 EST 2019	1.4123		https://requester.mturk.com/mturk/manageHIT?HITId=3JTPR5MTZSMW5W7YJDDJYLA1INIK52	psychology cognitive science research yale university fun thinking	"[{""trial_num"": 1, ""target"": ""1""}, {""trial_num"": 2, ""target"": 0.75}, {""trial_num"": 3, ""target"": ""0""}, {""trial_num"": 4, ""target"": 0.82}, {""exclusion_num"": 1, ""target"": ""equal""}, {""exclusion_num"": 2, ""target"": ""equal""}]"	3600	Play a simple cooperation game (please only do this HIT once!)			Submitted	Sun Jan 20 18:42:57 EST 2019	0	Guess what someone else is trying to tell you	37UQDCYH6Y5RVVDNWCBONYUZ4AI7VF	"{""condition"":""incongruent"",""first_side"":""right"",""second_side"":""left"",""first_object"":""rulers"",""second_object"":""books"",""doors"":""open""}"	Sat Jan 19 18:43:00 EST 2019	0	0	Sat Jan 19 18:44:28 EST 2019	1 cond	"{""language"":"""",""enjoyment"":""-1"",""asses"":""Yes"",""age"":"""",""gender"":"""",""education"":""-1"",""problems"":"""",""fairprice"":"""",""comments"":""""}"	NotReviewed	Sun Jan 20 18:44:28 EST 2019	Reviewable	86400	3LC6UUY7PQL2LVO0ZUEVD0WV151DDM		$0.30	3JTPR5MTZSMW5W7YJDDJYLA1INIK52
	3	1	"{""Browser"":""Chrome"",""OS"":""Windows"",""screenH"":768,""screenW"":1366}"	Sat Jan 19 18:42:57 EST 2019	12.642316666666666		https://requester.mturk.com/mturk/manageHIT?HITId=3JTPR5MTZSMW5W7YJDDJYLA1INIK52	psychology cognitive science research yale university fun thinking	"[{""trial_num"": 1, ""target"": ""1""}, {""trial_num"": 2, ""target"": 0.85}, {""trial_num"": 3, ""target"": ""0""}, {""trial_num"": 4, ""target"": 0.76}, {""exclusion_num"": 1, ""target"": ""left""}, {""exclusion_num"": 2, ""target"": ""equal""}]"	3600	Play a simple cooperation game (please only do this HIT once!)			Submitted	Sun Jan 20 18:42:57 EST 2019	0	Guess what someone else is trying to tell you	3R2PKQ87NXI5US0A1BEURR1VRXHMI8	"{""condition"":""incongruent"",""first_side"":""right"",""second_side"":""right"",""first_object"":""rulers"",""second_object"":""books"",""doors"":""open""}"	Sat Jan 19 18:44:00 EST 2019	0	0	Sat Jan 19 18:56:42 EST 2019	1 cond	"{""language"":""English"",""enjoyment"":""2"",""asses"":""Yes"",""age"":""59"",""gender"":""Male"",""education"":""3"",""problems"":""No"",""fairprice"":""Yes"",""comments"":""Engaging and enjoyable. ""}"	NotReviewed	Sun Jan 20 18:56:42 EST 2019	Reviewable	86400	3LC6UUY7PQL2LVO0ZUEVD0WV151DDM		$0.30	3JTPR5MTZSMW5W7YJDDJYLA1INIK52
	3	2	"{""Browser"":""Chrome"",""OS"":""Windows"",""screenH"":1080,""screenW"":1920}"	Sat Jan 19 18:42:57 EST 2019	1.7113833333333333		https://requester.mturk.com/mturk/manageHIT?HITId=3JTPR5MTZSMW5W7YJDDJYLA1INIK52	psychology cognitive science research yale university fun thinking	"[{""trial_num"": 1, ""target"": ""1""}, {""trial_num"": 2, ""target"": 1}, {""trial_num"": 3, ""target"": ""0""}, {""trial_num"": 4, ""target"": 0.96}, {""exclusion_num"": 1, ""target"": ""left""}, {""exclusion_num"": 2, ""target"": ""equal""}]"	3600	Play a simple cooperation game (please only do this HIT once!)			Submitted	Sun Jan 20 18:42:57 EST 2019	0	Guess what someone else is trying to tell you	3K5TEWLKGWLOKFUJF3FLENK8IQVVI0	"{""condition"":""incongruent"",""first_side"":""left"",""second_side"":""left"",""first_object"":""rulers"",""second_object"":""books"",""doors"":""open""}"	Sat Jan 19 19:29:36 EST 2019	0	0	Sat Jan 19 19:31:31 EST 2019	1 cond	"{""language"":""United States"",""enjoyment"":""2"",""asses"":""Yes"",""age"":""32"",""gender"":""Male"",""education"":""3"",""problems"":""no"",""fairprice"":""1.00"",""comments"":""""}"	NotReviewed	Sun Jan 20 19:31:31 EST 2019	Reviewable	86400	3LC6UUY7PQL2LVO0ZUEVD0WV151DDM		$0.30	3JTPR5MTZSMW5W7YJDDJYLA1INIK52
	4	0	"{""Browser"":""Chrome"",""OS"":""Windows"",""screenH"":768,""screenW"":1366}"	Sat Jan 19 18:43:03 EST 2019	1.7317833333333332		https://requester.mturk.com/mturk/manageHIT?HITId=3QO7EE372OXK5FM2XSOTXTM2RPWBQM	psychology cognitive science research yale university fun thinking	"[{""trial_num"": 1, ""target"": ""1""}, {""trial_num"": 2, ""target"": 0.54}, {""trial_num"": 3, ""target"": ""0""}, {""trial_num"": 4, ""target"": 0.49}, {""exclusion_num"": 1, ""target"": ""right""}, {""exclusion_num"": 2, ""target"": ""left""}]"	3600	Play a simple cooperation game (please only do this HIT once!)			Submitted	Sun Jan 20 18:43:03 EST 2019	0	Guess what someone else is trying to tell you	3LUY3GC630AEQBGRA02PH65HIMHP7C	"{""condition"":""incongruent"",""first_side"":""left"",""second_side"":""right"",""first_object"":""rulers"",""second_object"":""chair"",""doors"":""open""}"	Sat Jan 19 18:43:07 EST 2019	0	0	Sat Jan 19 18:45:00 EST 2019	1 cond	"{""language"":""English"",""enjoyment"":""2"",""asses"":""Yes"",""age"":""28"",""gender"":""Male"",""education"":""2"",""problems"":""none"",""fairprice"":"".30"",""comments"":""none""}"	NotReviewed	Sun Jan 20 18:45:00 EST 2019	Reviewable	86400	3LC6UUY7PQL2LVO0ZUEVD0WV151DDM		$0.30	3QO7EE372OXK5FM2XSOTXTM2RPWBQM
	4	1	"{""Browser"":""Chrome"",""OS"":""Windows"",""screenH"":1024,""screenW"":1280}"	Sat Jan 19 18:43:03 EST 2019	2.0722833333333335		https://requester.mturk.com/mturk/manageHIT?HITId=3QO7EE372OXK5FM2XSOTXTM2RPWBQM	psychology cognitive science research yale university fun thinking	"[{""trial_num"": 1, ""target"": ""1""}, {""trial_num"": 2, ""target"": 0.69}, {""trial_num"": 3, ""target"": ""1""}, {""trial_num"": 4, ""target"": 0.74}, {""exclusion_num"": 1, ""target"": ""right""}, {""exclusion_num"": 2, ""target"": ""equal""}]"	3600	Play a simple cooperation game (please only do this HIT once!)			Submitted	Sun Jan 20 18:43:03 EST 2019	0	Guess what someone else is trying to tell you	33TIN5LC05KCD8WLGKWS8TPZHH89Y2	"{""condition"":""incongruent"",""first_side"":""right"",""second_side"":""right"",""first_object"":""rulers"",""second_object"":""chair"",""doors"":""open""}"	Sat Jan 19 18:43:09 EST 2019	0	0	Sat Jan 19 18:45:16 EST 2019	1 cond	"{""language"":""english"",""enjoyment"":""2"",""asses"":""Yes"",""age"":""42"",""gender"":""Male"",""education"":""3"",""problems"":""no"",""fairprice"":"".50"",""comments"":""""}"	NotReviewed	Sun Jan 20 18:45:16 EST 2019	Reviewable	86400	3LC6UUY7PQL2LVO0ZUEVD0WV151DDM		$0.30	3QO7EE372OXK5FM2XSOTXTM2RPWBQM
	4	2	"{""Browser"":""Chrome"",""OS"":""Linux"",""screenH"":768,""screenW"":1366}"	Sat Jan 19 18:43:03 EST 2019	4.787683333333334		https://requester.mturk.com/mturk/manageHIT?HITId=3QO7EE372OXK5FM2XSOTXTM2RPWBQM	psychology cognitive science research yale university fun thinking	"[{""trial_num"": 1, ""target"": ""1""}, {""trial_num"": 2, ""target"": 0.18}, {""trial_num"": 3, ""target"": ""1""}, {""trial_num"": 4, ""target"": 0.21}, {""exclusion_num"": 1, ""target"": ""right""}, {""exclusion_num"": 2, ""target"": ""right""}]"	3600	Play a simple cooperation game (please only do this HIT once!)			Submitted	Sun Jan 20 18:43:03 EST 2019	0	Guess what someone else is trying to tell you	3RYC5T2D743O8U06JE0VMNWHJYBRPD	"{""condition"":""incongruent"",""first_side"":""right"",""second_side"":""right"",""first_object"":""rulers"",""second_object"":""chair"",""doors"":""open""}"	Sat Jan 19 18:43:59 EST 2019	0	0	Sat Jan 19 18:48:50 EST 2019	1 cond	"{""language"":""English"",""enjoyment"":""2"",""asses"":""Yes"",""age"":""20"",""gender"":""Female"",""education"":""2"",""problems"":""The only minor problem was that the graphic of the doors partially covered the above text, but I highlighted that area and copy/pasted the text to read all of it. "",""fairprice"":""$.30"",""comments"":""""}"	NotReviewed	Sun Jan 20 18:48:50 EST 2019	Reviewable	86400	3LC6UUY7PQL2LVO0ZUEVD0WV151DDM		$0.30	3QO7EE372OXK5FM2XSOTXTM2RPWBQM
	4	3	"{""Browser"":""Chrome"",""OS"":""Windows"",""screenH"":768,""screenW"":1366}"	Sat Jan 19 18:43:03 EST 2019	2.1757333333333335		https://requester.mturk.com/mturk/manageHIT?HITId=3QO7EE372OXK5FM2XSOTXTM2RPWBQM	psychology cognitive science research yale university fun thinking	"[{""trial_num"": 1, ""target"": ""1""}, {""trial_num"": 2, ""target"": 0.66}, {""trial_num"": 3, ""target"": ""0""}, {""trial_num"": 4, ""target"": 0.2}, {""exclusion_num"": 1, ""target"": ""left""}, {""exclusion_num"": 2, ""target"": ""equal""}]"	3600	Play a simple cooperation game (please only do this HIT once!)			Submitted	Sun Jan 20 18:43:03 EST 2019	0	Guess what someone else is trying to tell you	3MMN5BL1W0EQ4PIRG877NLZ68FL3MQ	"{""condition"":""incongruent"",""first_side"":""left"",""second_side"":""left"",""first_object"":""rulers"",""second_object"":""chair"",""doors"":""open""}"	Sat Jan 19 18:51:51 EST 2019	0	0	Sat Jan 19 18:54:57 EST 2019	1 cond	"{""language"":""English"",""enjoyment"":""2"",""asses"":""Yes"",""age"":""30"",""gender"":""Female"",""education"":""3"",""problems"":""None"",""fairprice"":""Yes"",""comments"":""Very fun and thought provoking! Thank you!""}"	NotReviewed	Sun Jan 20 18:54:57 EST 2019	Reviewable	86400	3LC6UUY7PQL2LVO0ZUEVD0WV151DDM		$0.30	3QO7EE372OXK5FM2XSOTXTM2RPWBQM
	3	0	"{""Browser"":""Chrome"",""OS"":""Linux"",""screenH"":768,""screenW"":1366}"	Sat Jan 19 18:43:08 EST 2019	3.1606833333333335		https://requester.mturk.com/mturk/manageHIT?HITId=36FFXPMST9YRBGC8I76LUZU071JHO0	psychology cognitive science research yale university fun thinking	"[{""trial_num"": 1, ""target"": ""1""}, {""trial_num"": 2, ""target"": 0.85}, {""trial_num"": 3, ""target"": ""1""}, {""trial_num"": 4, ""target"": 0.77}, {""exclusion_num"": 1, ""target"": ""left""}, {""exclusion_num"": 2, ""target"": ""equal""}]"	3600	Play a simple cooperation game (please only do this HIT once!)			Submitted	Sun Jan 20 18:43:08 EST 2019	0	Guess what someone else is trying to tell you	3LEIZ60CDK9CIY6QC6YBM0Y1NBC9ZT	"{""condition"":""incongruent"",""first_side"":""left"",""second_side"":""left"",""first_object"":""rulers"",""second_object"":""cinderblocks"",""doors"":""open""}"	Sat Jan 19 18:43:18 EST 2019	0	0	Sat Jan 19 18:49:09 EST 2019	1 cond	"{""language"":""English"",""enjoyment"":""2"",""asses"":""No"",""age"":""40"",""gender"":""Female"",""education"":""2"",""problems"":""no"",""fairprice"":""0.50"",""comments"":""""}"	NotReviewed	Sun Jan 20 18:49:09 EST 2019	Reviewable	86400	3LC6UUY7PQL2LVO0ZUEVD0WV151DDM		$0.30	36FFXPMST9YRBGC8I76LUZU071JHO0
	3	1	"{""Browser"":""Chrome"",""OS"":""Linux"",""screenH"":740,""screenW"":360}"	Sat Jan 19 18:43:08 EST 2019	1.1009		https://requester.mturk.com/mturk/manageHIT?HITId=36FFXPMST9YRBGC8I76LUZU071JHO0	psychology cognitive science research yale university fun thinking	"[{""trial_num"": 1, ""target"": ""0""}, {""trial_num"": 2, ""target"": 0.99}, {""trial_num"": 3, ""target"": ""0""}, {""trial_num"": 4, ""target"": 1}, {""exclusion_num"": 1, ""target"": ""left""}, {""exclusion_num"": 2, ""target"": ""left""}]"	3600	Play a simple cooperation game (please only do this HIT once!)			Submitted	Sun Jan 20 18:43:08 EST 2019	0	Guess what someone else is trying to tell you	34QN5IT0T01F28HQ3KF5G504LYB80B	"{""condition"":""incongruent"",""first_side"":""left"",""second_side"":""left"",""first_object"":""rulers"",""second_object"":""cinderblocks"",""doors"":""open""}"	Sat Jan 19 18:43:19 EST 2019	0	0	Sat Jan 19 18:53:33 EST 2019	1 cond	"{""language"":"""",""enjoyment"":""-1"",""age"":"""",""gender"":"""",""education"":""-1"",""problems"":"""",""fairprice"":"""",""comments"":""""}"	NotReviewed	Sun Jan 20 18:53:33 EST 2019	Reviewable	86400	3LC6UUY7PQL2LVO0ZUEVD0WV151DDM		$0.30	36FFXPMST9YRBGC8I76LUZU071JHO0
	3	2	"{""Browser"":""Chrome"",""OS"":""Mac"",""screenH"":800,""screenW"":1280}"	Sat Jan 19 18:43:08 EST 2019	2.1732		https://requester.mturk.com/mturk/manageHIT?HITId=36FFXPMST9YRBGC8I76LUZU071JHO0	psychology cognitive science research yale university fun thinking	"[{""trial_num"": 1, ""target"": ""1""}, {""trial_num"": 2, ""target"": 0.56}, {""trial_num"": 3, ""target"": ""1""}, {""trial_num"": 4, ""target"": 0.5}, {""exclusion_num"": 1, ""target"": ""right""}, {""exclusion_num"": 2, ""target"": ""equal""}]"	3600	Play a simple cooperation game (please only do this HIT once!)			Submitted	Sun Jan 20 18:43:08 EST 2019	0	Guess what someone else is trying to tell you	3IO1LGZLKA7AGJ3559VMP6AVY1086F	"{""condition"":""incongruent"",""first_side"":""right"",""second_side"":""left"",""first_object"":""rulers"",""second_object"":""cinderblocks"",""doors"":""open""}"	Sat Jan 19 19:44:09 EST 2019	0	0	Sat Jan 19 19:46:23 EST 2019	1 cond	"{""language"":""English"",""enjoyment"":""2"",""asses"":""Yes"",""age"":""34"",""gender"":""Male"",""education"":""-1"",""problems"":""None at all. "",""fairprice"":"".50"",""comments"":""Interesting.""}"	NotReviewed	Sun Jan 20 19:46:23 EST 2019	Reviewable	86400	3LC6UUY7PQL2LVO0ZUEVD0WV151DDM		$0.30	36FFXPMST9YRBGC8I76LUZU071JHO0
